prefectures,year,value
北海道,1921,1.13
北海道,1922,1.3
北海道,1923,1.32
北海道,1924,0.79
北海道,1925,1.23
北海道,1926,2.29
北海道,1927,2.19
北海道,1928,2.1
北海道,1929,2.34
北海道,1930,3.03
北海道,1931,2.02
北海道,1932,1.63
北海道,1933,1.7
北海道,1934,1.67
北海道,1935,1.77
北海道,1936,1.5
北海道,1937,0.97
北海道,1938,1.01
北海道,1939,0.92
北海道,1940,0.74
北海道,1941,0.48
北海道,1942,1.01
北海道,1943,-0.03
北海道,1944,NA
北海道,1945,NA
北海道,1946,NA
北海道,1947,NA
北海道,1948,4.59
北海道,1949,3.67
北海道,1950,2.82
北海道,1951,2.31
北海道,1952,2.54
北海道,1953,2.26
北海道,1954,1.77
北海道,1955,1.78
北海道,1956,1.22
北海道,1957,0.99
北海道,1958,1.44
北海道,1959,1.06
北海道,1960,0.75
北海道,1961,0.66
北海道,1962,0.52
北海道,1963,0.42
北海道,1964,0.45
北海道,1965,0.56
北海道,1966,0.29
北海道,1967,0.35
北海道,1968,0.17
北海道,1969,-0.06
北海道,1970,-0.5
北海道,1971,0.03
北海道,1972,0.36
北海道,1973,0.57
北海道,1974,0.93
北海道,1975,1.05
北海道,1976,1.06
北海道,1977,0.9
北海道,1978,0.86
北海道,1979,0.82
北海道,1980,0.74
北海道,1981,0.53
北海道,1982,0.44
北海道,1983,0.46
北海道,1984,0.28
北海道,1985,0.13
北海道,1986,-0.11
北海道,1987,-0.23
北海道,1988,-0.08
北海道,1989,-0.11
北海道,1990,-0.1
北海道,1991,0.11
北海道,1992,0.19
北海道,1993,0.15
北海道,1994,0.2
北海道,1995,0.2
北海道,1996,0.09
北海道,1997,0.02
北海道,1998,-0.06
北海道,1999,-0.12
北海道,2000,-0.1
青森県,1921,1.45
青森県,1922,1
青森県,1923,1.19
青森県,1924,0.99
青森県,1925,2.64
青森県,1926,1.5
青森県,1927,1.37
青森県,1928,1.32
青森県,1929,1.58
青森県,1930,2.21
青森県,1931,2.03
青森県,1932,1.6
青森県,1933,2.1
青森県,1934,1.88
青森県,1935,1.92
青森県,1936,0.51
青森県,1937,0.72
青森県,1938,1.58
青森県,1939,-1.06
青森県,1940,0.1
青森県,1941,0.56
青森県,1942,1.4
青森県,1943,1.1
青森県,1944,NA
青森県,1945,NA
青森県,1946,NA
青森県,1947,NA
青森県,1948,3.37
青森県,1949,2.74
青森県,1950,2.35
青森県,1951,1.55
青森県,1952,1.62
青森県,1953,1.48
青森県,1954,1.44
青森県,1955,1.44
青森県,1956,1
青森県,1957,0.67
青森県,1958,0.7
青森県,1959,0.62
青森県,1960,0.15
青森県,1961,0.03
青森県,1962,-0.4
青森県,1963,-0.17
青森県,1964,0
青森県,1965,-0.17
青森県,1966,0.09
青森県,1967,0.36
青森県,1968,0.22
青森県,1969,0.22
青森県,1970,-0.12
青森県,1971,0.09
青森県,1972,0.5
青森県,1973,0.58
青森県,1974,0.66
青森県,1975,1.02
青森県,1976,1.02
青森県,1977,0.82
青森県,1978,0.78
青森県,1979,0.61
青森県,1980,0.49
青森県,1981,0.17
青森県,1982,0.06
青森県,1983,0.07
青森県,1984,-0.12
青森県,1985,-0.14
青森県,1986,-0.46
青森県,1987,-0.43
青森県,1988,-0.58
青森県,1989,-0.66
青森県,1990,-0.63
青森県,1991,-0.28
青森県,1992,-0.17
青森県,1993,0.02
青森県,1994,0.21
青森県,1995,0.15
青森県,1996,0.1
青森県,1997,-0.13
青森県,1998,-0.12
青森県,1999,-0.15
青森県,2000,-0.1
岩手県,1921,1.15
岩手県,1922,1.15
岩手県,1923,1.81
岩手県,1924,0.85
岩手県,1925,1.43
岩手県,1926,1.53
岩手県,1927,1.51
岩手県,1928,1.41
岩手県,1929,1.6
岩手県,1930,1.98
岩手県,1931,1.39
岩手県,1932,1.24
岩手県,1933,1.19
岩手県,1934,1.35
岩手県,1935,1.84
岩手県,1936,1.32
岩手県,1937,0.58
岩手県,1938,0.46
岩手県,1939,0.03
岩手県,1940,0.65
岩手県,1941,0.39
岩手県,1942,1.13
岩手県,1943,1.21
岩手県,1944,NA
岩手県,1945,NA
岩手県,1946,NA
岩手県,1947,NA
岩手県,1948,3.27
岩手県,1949,1.73
岩手県,1950,1.52
岩手県,1951,1.39
岩手県,1952,1.27
岩手県,1953,1.15
岩手県,1954,0.92
岩手県,1955,1.11
岩手県,1956,0.67
岩手県,1957,0.21
岩手県,1958,0.44
岩手県,1959,0.27
岩手県,1960,-0.08
岩手県,1961,-0.3
岩手県,1962,-0.43
岩手県,1963,-0.49
岩手県,1964,-0.79
岩手県,1965,-0.6
岩手県,1966,-0.61
岩手県,1967,-0.46
岩手県,1968,-0.43
岩手県,1969,-0.6
岩手県,1970,-0.75
岩手県,1971,-0.4
岩手県,1972,0.01
岩手県,1973,0.21
岩手県,1974,0.47
岩手県,1975,0.74
岩手県,1976,0.7
岩手県,1977,0.43
岩手県,1978,0.55
岩手県,1979,0.47
岩手県,1980,0.44
岩手県,1981,0.32
岩手県,1982,0.19
岩手県,1983,0.16
岩手県,1984,0.13
岩手県,1985,0.01
岩手県,1986,-0.19
岩手県,1987,-0.3
岩手県,1988,-0.21
岩手県,1989,-0.31
岩手県,1990,-0.16
岩手県,1991,-0.1
岩手県,1992,0.01
岩手県,1993,0.09
岩手県,1994,0.09
岩手県,1995,0.09
岩手県,1996,0.06
岩手県,1997,-0.07
岩手県,1998,-0.03
岩手県,1999,-0.11
岩手県,2000,-0.08
宮城県,1921,1.69
宮城県,1922,1.44
宮城県,1923,3.06
宮城県,1924,1.28
宮城県,1925,0.81
宮城県,1926,1.91
宮城県,1927,1.64
宮城県,1928,1.64
宮城県,1929,1.67
宮城県,1930,2.25
宮城県,1931,2.36
宮城県,1932,2.19
宮城県,1933,2.23
宮城県,1934,0.86
宮城県,1935,0.18
宮城県,1936,2.08
宮城県,1937,0.04
宮城県,1938,-1.91
宮城県,1939,-0.08
宮城県,1940,0.86
宮城県,1941,0.34
宮城県,1942,0.87
宮城県,1943,1.26
宮城県,1944,NA
宮城県,1945,NA
宮城県,1946,NA
宮城県,1947,NA
宮城県,1948,2.54
宮城県,1949,1.77
宮城県,1950,1.74
宮城県,1951,0.21
宮城県,1952,0.83
宮城県,1953,0.74
宮城県,1954,0.84
宮城県,1955,1.15
宮城県,1956,0.73
宮城県,1957,-0.06
宮城県,1958,0.23
宮城県,1959,0.22
宮城県,1960,-0.19
宮城県,1961,-0.19
宮城県,1962,-0.29
宮城県,1963,0.16
宮城県,1964,0.41
宮城県,1965,0.47
宮城県,1966,0.4
宮城県,1967,0.81
宮城県,1968,0.79
宮城県,1969,0.83
宮城県,1970,0.88
宮城県,1971,1.08
宮城県,1972,1.22
宮城県,1973,1.58
宮城県,1974,1.77
宮城県,1975,1.63
宮城県,1976,1.45
宮城県,1977,1.24
宮城県,1978,1.19
宮城県,1979,1.31
宮城県,1980,1.15
宮城県,1981,1.02
宮城県,1982,1.04
宮城県,1983,0.89
宮城県,1984,0.75
宮城県,1985,0.73
宮城県,1986,0.61
宮城県,1987,0.76
宮城県,1988,0.68
宮城県,1989,0.66
宮城県,1990,0.56
宮城県,1991,0.82
宮城県,1992,0.72
宮城県,1993,0.68
宮城県,1994,0.6
宮城県,1995,0.69
宮城県,1996,0.41
宮城県,1997,0.42
宮城県,1998,0.29
宮城県,1999,0.2
宮城県,2000,0.24
秋田県,1921,0.66
秋田県,1922,3.03
秋田県,1923,0.88
秋田県,1924,-1.43
秋田県,1925,1.05
秋田県,1926,0.12
秋田県,1927,1.02
秋田県,1928,1.06
秋田県,1929,0.96
秋田県,1930,2.22
秋田県,1931,1.71
秋田県,1932,1.08
秋田県,1933,0.99
秋田県,1934,0.45
秋田県,1935,0.74
秋田県,1936,0.55
秋田県,1937,0.2
秋田県,1938,0.15
秋田県,1939,-0.14
秋田県,1940,-1.02
秋田県,1941,-0.1
秋田県,1942,1.07
秋田県,1943,0.95
秋田県,1944,NA
秋田県,1945,NA
秋田県,1946,NA
秋田県,1947,NA
秋田県,1948,1.11
秋田県,1949,1.57
秋田県,1950,1.38
秋田県,1951,0.44
秋田県,1952,0.54
秋田県,1953,0.64
秋田県,1954,0.52
秋田県,1955,0.86
秋田県,1956,0.08
秋田県,1957,-0.24
秋田県,1958,-0.24
秋田県,1959,-0.12
秋田県,1960,-0.47
秋田県,1961,-0.66
秋田県,1962,-1.02
秋田県,1963,-0.83
秋田県,1964,-0.81
秋田県,1965,-0.92
秋田県,1966,-0.78
秋田県,1967,-0.43
秋田県,1968,-0.68
秋田県,1969,-0.51
秋田県,1970,-0.64
秋田県,1971,-0.62
秋田県,1972,-0.28
秋田県,1973,-0.27
秋田県,1974,0.06
秋田県,1975,0.4
秋田県,1976,0.55
秋田県,1977,0.44
秋田県,1978,0.39
秋田県,1979,0.36
秋田県,1980,0.22
秋田県,1981,0.16
秋田県,1982,-0.06
秋田県,1983,-0.12
秋田県,1984,-0.09
秋田県,1985,-0.1
秋田県,1986,-0.43
秋田県,1987,-0.4
秋田県,1988,-0.46
秋田県,1989,-0.47
秋田県,1990,-0.38
秋田県,1991,-0.37
秋田県,1992,-0.24
秋田県,1993,-0.22
秋田県,1994,-0.11
秋田県,1995,-0.19
秋田県,1996,-0.34
秋田県,1997,-0.39
秋田県,1998,-0.41
秋田県,1999,-0.44
秋田県,2000,-0.45
山形県,1921,1.1
山形県,1922,0.71
山形県,1923,1.59
山形県,1924,0.84
山形県,1925,1.64
山形県,1926,1.32
山形県,1927,1.1
山形県,1928,1.1
山形県,1929,0.57
山形県,1930,0.93
山形県,1931,0.55
山形県,1932,1.14
山形県,1933,0.88
山形県,1934,0.62
山形県,1935,0.16
山形県,1936,-0.38
山形県,1937,-1.29
山形県,1938,0.41
山形県,1939,-0.48
山形県,1940,0.21
山形県,1941,-0.5
山形県,1942,-2.91
山形県,1943,0.28
山形県,1944,NA
山形県,1945,NA
山形県,1946,NA
山形県,1947,NA
山形県,1948,1.13
山形県,1949,0.21
山形県,1950,0.28
山形県,1951,-0.46
山形県,1952,-0.19
山形県,1953,0.11
山形県,1954,0.02
山形県,1955,0.26
山形県,1956,-0.27
山形県,1957,-0.44
山形県,1958,-0.55
山形県,1959,-0.57
山形県,1960,-0.62
山形県,1961,-0.82
山形県,1962,-1.04
山形県,1963,-0.87
山形県,1964,-0.81
山形県,1965,-0.9
山形県,1966,-0.88
山形県,1967,-0.41
山形県,1968,-0.55
山形県,1969,-0.52
山形県,1970,-0.64
山形県,1971,-0.57
山形県,1972,-0.29
山形県,1973,-0.08
山形県,1974,0.15
山形県,1975,0.36
山形県,1976,0.55
山形県,1977,0.59
山形県,1978,0.51
山形県,1979,0.49
山形県,1980,0.42
山形県,1981,0.27
山形県,1982,0.1
山形県,1983,0.08
山形県,1984,0.17
山形県,1985,0.15
山形県,1986,0
山形県,1987,0.01
山形県,1988,-0.01
山形県,1989,-0.12
山形県,1990,-0.14
山形県,1991,-0.07
山形県,1992,-0.07
山形県,1993,-0.06
山形県,1994,0.01
山形県,1995,0.07
山形県,1996,-0.16
山形県,1997,-0.15
山形県,1998,-0.19
山形県,1999,-0.32
山形県,2000,-0.2
福島県,1921,1.38
福島県,1922,0.32
福島県,1923,2.17
福島県,1924,0.71
福島県,1925,0.81
福島県,1926,1.89
福島県,1927,0.81
福島県,1928,0.87
福島県,1929,0.51
福島県,1930,0.74
福島県,1931,1.01
福島県,1932,1.11
福島県,1933,0.98
福島県,1934,0.79
福島県,1935,0.88
福島県,1936,0.64
福島県,1937,0.63
福島県,1938,0.61
福島県,1939,-0.37
福島県,1940,-0.64
福島県,1941,0.1
福島県,1942,-0.11
福島県,1943,0.51
福島県,1944,NA
福島県,1945,NA
福島県,1946,NA
福島県,1947,NA
福島県,1948,1.01
福島県,1949,1.35
福島県,1950,1.11
福島県,1951,0.21
福島県,1952,0.3
福島県,1953,0.24
福島県,1954,0.34
福島県,1955,0.5
福島県,1956,-0.13
福島県,1957,-0.49
福島県,1958,-0.23
福島県,1959,-0.39
福島県,1960,-0.89
福島県,1961,-0.67
福島県,1962,-0.82
福島県,1963,-0.66
福島県,1964,-0.61
福島県,1965,-0.57
福島県,1966,-0.75
福島県,1967,-0.32
福島県,1968,-0.36
福島県,1969,-0.24
福島県,1970,-0.24
福島県,1971,-0.21
福島県,1972,0.05
福島県,1973,0.32
福島県,1974,0.57
福島県,1975,0.54
福島県,1976,0.69
福島県,1977,0.72
福島県,1978,0.66
福島県,1979,0.57
福島県,1980,0.6
福島県,1981,0.39
福島県,1982,0.43
福島県,1983,0.44
福島県,1984,0.49
福島県,1985,0.45
福島県,1986,0.22
福島県,1987,0.28
福島県,1988,0.21
福島県,1989,0.22
福島県,1990,0.21
福島県,1991,0.23
福島県,1992,0.34
福島県,1993,0.33
福島県,1994,0.26
福島県,1995,0.23
福島県,1996,0.04
福島県,1997,-0.04
福島県,1998,-0.09
福島県,1999,-0.14
福島県,2000,-0.08
茨城県,1921,0.39
茨城県,1922,0.8
茨城県,1923,1.65
茨城県,1924,0.68
茨城県,1925,0.75
茨城県,1926,1.16
茨城県,1927,1
茨城県,1928,0.99
茨城県,1929,0.9
茨城県,1930,1.37
茨城県,1931,0.49
茨城県,1932,0.64
茨城県,1933,0.96
茨城県,1934,0.96
茨城県,1935,1.04
茨城県,1936,0.17
茨城県,1937,0.68
茨城県,1938,0.17
茨城県,1939,0.17
茨城県,1940,1.76
茨城県,1941,0.44
茨城県,1942,0.65
茨城県,1943,2.05
茨城県,1944,NA
茨城県,1945,NA
茨城県,1946,NA
茨城県,1947,NA
茨城県,1948,0.78
茨城県,1949,0.32
茨城県,1950,0.17
茨城県,1951,-0.1
茨城県,1952,0.23
茨城県,1953,0.38
茨城県,1954,0.41
茨城県,1955,0.28
茨城県,1956,0.03
茨城県,1957,-0.14
茨城県,1958,-0.23
茨城県,1959,-0.29
茨城県,1960,-0.2
茨城県,1961,0.28
茨城県,1962,0.17
茨城県,1963,-0.14
茨城県,1964,0.07
茨城県,1965,0.07
茨城県,1966,-0.19
茨城県,1967,0.59
茨城県,1968,0.69
茨城県,1969,1.46
茨城県,1970,1.64
茨城県,1971,1.68
茨城県,1972,1.38
茨城県,1973,1.87
茨城県,1974,2.1
茨城県,1975,1.91
茨城県,1976,1.6
茨城県,1977,1.59
茨城県,1978,1.89
茨城県,1979,1.93
茨城県,1980,1.9
茨城県,1981,1.47
茨城県,1982,1.55
茨城県,1983,1.31
茨城県,1984,1.04
茨城県,1985,1.01
茨城県,1986,0.77
茨城県,1987,0.85
茨城県,1988,0.93
茨城県,1989,0.98
茨城県,1990,0.82
茨城県,1991,0.91
茨城県,1992,0.92
茨城県,1993,0.77
茨城県,1994,0.69
茨城県,1995,0.53
茨城県,1996,0.36
茨城県,1997,0.22
茨城県,1998,0.24
茨城県,1999,0.05
茨城県,2000,0.14
栃木県,1921,0.74
栃木県,1922,0.98
栃木県,1923,1.83
栃木県,1924,0.69
栃木県,1925,-0.1
栃木県,1926,0.8
栃木県,1927,0.72
栃木県,1928,0.75
栃木県,1929,0.86
栃木県,1930,1.49
栃木県,1931,0.79
栃木県,1932,0.85
栃木県,1933,0.94
栃木県,1934,1.05
栃木県,1935,0.95
栃木県,1936,0.16
栃木県,1937,0.07
栃木県,1938,-0.88
栃木県,1939,-0.7
栃木県,1940,0.67
栃木県,1941,0.22
栃木県,1942,0.52
栃木県,1943,0.97
栃木県,1944,NA
栃木県,1945,NA
栃木県,1946,NA
栃木県,1947,NA
栃木県,1948,0.34
栃木県,1949,0.47
栃木県,1950,0.23
栃木県,1951,-0.18
栃木県,1952,-0.11
栃木県,1953,-0.05
栃木県,1954,-0.03
栃木県,1955,0.2
栃木県,1956,-0.31
栃木県,1957,-0.47
栃木県,1958,-0.37
栃木県,1959,-0.85
栃木県,1960,-0.2
栃木県,1961,-0.06
栃木県,1962,0.02
栃木県,1963,0.19
栃木県,1964,0.22
栃木県,1965,0.16
栃木県,1966,0.07
栃木県,1967,0.57
栃木県,1968,0.73
栃木県,1969,1.09
栃木県,1970,1.32
栃木県,1971,1.57
栃木県,1972,1.36
栃木県,1973,1.6
栃木県,1974,1.55
栃木県,1975,1.18
栃木県,1976,1.13
栃木県,1977,1.1
栃木県,1978,0.98
栃木県,1979,1.26
栃木県,1980,0.95
栃木県,1981,0.84
栃木県,1982,0.79
栃木県,1983,0.75
栃木県,1984,0.79
栃木県,1985,0.88
栃木県,1986,0.76
栃木県,1987,0.8
栃木県,1988,0.66
栃木県,1989,0.68
栃木県,1990,0.74
栃木県,1991,0.65
栃木県,1992,0.56
栃木県,1993,0.52
栃木県,1994,0.4
栃木県,1995,0.38
栃木県,1996,0.31
栃木県,1997,0.3
栃木県,1998,0.21
栃木県,1999,0.1
栃木県,2000,0.11
群馬県,1921,0.92
群馬県,1922,0.8
群馬県,1923,2.14
群馬県,1924,1.24
群馬県,1925,1.04
群馬県,1926,0.33
群馬県,1927,2.65
群馬県,1928,2.84
群馬県,1929,0.39
群馬県,1930,-0.3
群馬県,1931,0.58
群馬県,1932,0.66
群馬県,1933,1.34
群馬県,1934,1.08
群馬県,1935,1
群馬県,1936,0.98
群馬県,1937,0.56
群馬県,1938,0.36
群馬県,1939,0.35
群馬県,1940,0.72
群馬県,1941,0.44
群馬県,1942,0.55
群馬県,1943,1.58
群馬県,1944,NA
群馬県,1945,NA
群馬県,1946,NA
群馬県,1947,NA
群馬県,1948,0.72
群馬県,1949,0.6
群馬県,1950,0.49
群馬県,1951,0.03
群馬県,1952,0.11
群馬県,1953,0.32
群馬県,1954,0.08
群馬県,1955,0.21
群馬県,1956,-0.12
群馬県,1957,-0.64
群馬県,1958,-0.6
群馬県,1959,-0.22
群馬県,1960,-0.62
群馬県,1961,0.13
群馬県,1962,0.18
群馬県,1963,0.34
群馬県,1964,0.51
群馬県,1965,0.54
群馬県,1966,-0.04
群馬県,1967,0.72
群馬県,1968,0.76
群馬県,1969,0.88
群馬県,1970,0.96
群馬県,1971,1.02
群馬県,1972,1.16
群馬県,1973,1.37
群馬県,1974,1.26
群馬県,1975,0.94
群馬県,1976,1.21
群馬県,1977,1.19
群馬県,1978,1.01
群馬県,1979,0.86
群馬県,1980,0.86
群馬県,1981,0.86
群馬県,1982,0.81
群馬県,1983,0.74
群馬県,1984,0.77
群馬県,1985,0.7
群馬県,1986,0.52
群馬県,1987,0.49
群馬県,1988,0.43
群馬県,1989,0.5
群馬県,1990,0.38
群馬県,1991,0.42
群馬県,1992,0.48
群馬県,1993,0.31
群馬県,1994,0.32
群馬県,1995,0.35
群馬県,1996,0.25
群馬県,1997,0.2
群馬県,1998,0.24
群馬県,1999,0.12
群馬県,2000,0.25
埼玉県,1921,0.82
埼玉県,1922,0.81
埼玉県,1923,1.98
埼玉県,1924,0.9
埼玉県,1925,1.05
埼玉県,1926,1.26
埼玉県,1927,0.91
埼玉県,1928,0.89
埼玉県,1929,0.64
埼玉県,1930,0.86
埼玉県,1931,0.93
埼玉県,1932,0.81
埼玉県,1933,0.94
埼玉県,1934,0.91
埼玉県,1935,1.1
埼玉県,1936,0.34
埼玉県,1937,0.44
埼玉県,1938,0.32
埼玉県,1939,0.43
埼玉県,1940,1.97
埼玉県,1941,0.54
埼玉県,1942,1.46
埼玉県,1943,1.95
埼玉県,1944,NA
埼玉県,1945,NA
埼玉県,1946,NA
埼玉県,1947,NA
埼玉県,1948,0.57
埼玉県,1949,0.77
埼玉県,1950,0.83
埼玉県,1951,0.96
埼玉県,1952,1.07
埼玉県,1953,1.02
埼玉県,1954,1.11
埼玉県,1955,1.14
埼玉県,1956,1.05
埼玉県,1957,1.04
埼玉県,1958,1.27
埼玉県,1959,1.67
埼玉県,1960,2.21
埼玉県,1961,2.7
埼玉県,1962,3.65
埼玉県,1963,5.04
埼玉県,1964,5.38
埼玉県,1965,5.26
埼玉県,1966,4.86
埼玉県,1967,5.27
埼玉県,1968,4.94
埼玉県,1969,5.08
埼玉県,1970,5.36
埼玉県,1971,5.06
埼玉県,1972,5.01
埼玉県,1973,4.91
埼玉県,1974,4.09
埼玉県,1975,3.5
埼玉県,1976,2.96
埼玉県,1977,2.56
埼玉県,1978,2.3
埼玉県,1979,2.11
埼玉県,1980,1.92
埼玉県,1981,1.83
埼玉県,1982,1.72
埼玉県,1983,1.53
埼玉県,1984,1.46
埼玉県,1985,1.38
埼玉県,1986,1.55
埼玉県,1987,1.97
埼玉県,1988,2.03
埼玉県,1989,1.82
埼玉県,1990,1.55
埼玉県,1991,1.26
埼玉県,1992,1.25
埼玉県,1993,1.12
埼玉県,1994,0.95
埼玉県,1995,0.84
埼玉県,1996,0.66
埼玉県,1997,0.55
埼玉県,1998,0.53
埼玉県,1999,0.43
埼玉県,2000,0.46
千葉県,1921,-0.05
千葉県,1922,1.41
千葉県,1923,2.05
千葉県,1924,0.98
千葉県,1925,0.25
千葉県,1926,1.28
千葉県,1927,0.66
千葉県,1928,0.68
千葉県,1929,0.74
千葉県,1930,1.6
千葉県,1931,1.19
千葉県,1932,0.97
千葉県,1933,1.05
千葉県,1934,0.92
千葉県,1935,0.96
千葉県,1936,0.21
千葉県,1937,0.3
千葉県,1938,0.24
千葉県,1939,-0.05
千葉県,1940,0.26
千葉県,1941,0.46
千葉県,1942,0.84
千葉県,1943,3.26
千葉県,1944,NA
千葉県,1945,NA
千葉県,1946,NA
千葉県,1947,NA
千葉県,1948,0.48
千葉県,1949,-0.07
千葉県,1950,0.83
千葉県,1951,0.39
千葉県,1952,0.65
千葉県,1953,0.63
千葉県,1954,0.47
千葉県,1955,0.9
千葉県,1956,0.6
千葉県,1957,0.68
千葉県,1958,0.99
千葉県,1959,1
千葉県,1960,1.22
千葉県,1961,2.18
千葉県,1962,3.06
千葉県,1963,3.17
千葉県,1964,4.14
千葉県,1965,3.55
千葉県,1966,3.02
千葉県,1967,4.28
千葉県,1968,4.47
千葉県,1969,5.35
千葉県,1970,5.38
千葉県,1971,4.67
千葉県,1972,4.36
千葉県,1973,4.53
千葉県,1974,4.24
千葉県,1975,3.55
千葉県,1976,2.83
千葉県,1977,2.7
千葉県,1978,2.88
千葉県,1979,2.61
千葉県,1980,2.37
千葉県,1981,2.09
千葉県,1982,1.83
千葉県,1983,1.67
千葉県,1984,1.47
千葉県,1985,1.37
千葉県,1986,1.38
千葉県,1987,1.67
千葉県,1988,1.81
千葉県,1989,1.55
千葉県,1990,1.25
千葉県,1991,1.11
千葉県,1992,1.11
千葉県,1993,0.9
千葉県,1994,0.64
千葉県,1995,0.53
千葉県,1996,0.33
千葉県,1997,0.37
千葉県,1998,0.48
千葉県,1999,0.45
千葉県,2000,0.56
東京都,1921,3.55
東京都,1922,4.01
東京都,1923,-3.13
東京都,1924,8.45
東京都,1925,7.16
東京都,1926,4.67
東京都,1927,4.32
東京都,1928,4.17
東京都,1929,3.89
東京都,1930,2.05
東京都,1931,2.08
東京都,1932,4.25
東京都,1933,3.81
東京都,1934,3.38
東京都,1935,3.12
東京都,1936,3.4
東京都,1937,2.11
東京都,1938,2.23
東京都,1939,3
東京都,1940,2.85
東京都,1941,0.43
東京都,1942,1.01
東京都,1943,-0.34
東京都,1944,NA
東京都,1945,NA
東京都,1946,NA
東京都,1947,NA
東京都,1948,9.48
東京都,1949,7.7
東京都,1950,6.47
東京都,1951,6.93
東京都,1952,5.9
東京都,1953,5.07
東京都,1954,4.08
東京都,1955,3.39
東京都,1956,3.88
東京都,1957,3.98
東京都,1958,3.8
東京都,1959,3.76
東京都,1960,3.58
東京都,1961,2.93
東京都,1962,2.57
東京都,1963,2.41
東京都,1964,1.89
東京都,1965,1.88
東京都,1966,1.37
東京都,1967,1.31
東京都,1968,1.11
東京都,1969,0.72
東京都,1970,0.36
東京都,1971,0.98
東京都,1972,0.79
東京都,1973,0.24
東京都,1974,0.07
東京都,1975,0.23
東京都,1976,0
東京都,1977,-0.04
東京都,1978,-0.09
東京都,1979,-0.19
東京都,1980,-0.16
東京都,1981,0.06
東京都,1982,0.21
東京都,1983,0.42
東京都,1984,0.51
東京都,1985,0.6
東京都,1986,0.5
東京都,1987,-0.01
東京都,1988,-0.12
東京都,1989,-0.08
東京都,1990,-0.07
東京都,1991,0.32
東京都,1992,-0.06
東京都,1993,-0.32
東京都,1994,-0.45
東京都,1995,-0.19
東京都,1996,0.3
東京都,1997,0.61
東京都,1998,0.49
東京都,1999,0.37
東京都,2000,0.68
神奈川県,1921,2.69
神奈川県,1922,1.6
神奈川県,1923,-1.95
神奈川県,1924,1.46
神奈川県,1925,3.14
神奈川県,1926,2.62
神奈川県,1927,2.89
神奈川県,1928,2.83
神奈川県,1929,2.77
神奈川県,1930,2.45
神奈川県,1931,1.99
神奈川県,1932,1.99
神奈川県,1933,2.29
神奈川県,1934,2.93
神奈川県,1935,3.73
神奈川県,1936,4.54
神奈川県,1937,2.3
神奈川県,1938,2.1
神奈川県,1939,3.24
神奈川県,1940,4.05
神奈川県,1941,2.16
神奈川県,1942,4.42
神奈川県,1943,6.54
神奈川県,1944,NA
神奈川県,1945,NA
神奈川県,1946,NA
神奈川県,1947,NA
神奈川県,1948,4.04
神奈川県,1949,3.87
神奈川県,1950,3.79
神奈川県,1951,4.13
神奈川県,1952,3.49
神奈川県,1953,3.31
神奈川県,1954,2.81
神奈川県,1955,2.52
神奈川県,1956,2.68
神奈川県,1957,3.1
神奈川県,1958,3.23
神奈川県,1959,3.59
神奈川県,1960,4.18
神奈川県,1961,4.73
神奈川県,1962,5.42
神奈川県,1963,4.96
神奈川県,1964,5.33
神奈川県,1965,5.43
神奈川県,1966,3.71
神奈川県,1967,4.45
神奈川県,1968,4.68
神奈川県,1969,4.3
神奈川県,1970,4.43
神奈川県,1971,4.39
神奈川県,1972,3.74
神奈川県,1973,3.05
神奈川県,1974,2.58
神奈川県,1975,2.13
神奈川県,1976,1.75
神奈川県,1977,1.63
神奈川県,1978,1.7
神奈川県,1979,1.54
神奈川県,1980,1.36
神奈川県,1981,1.42
神奈川県,1982,1.49
神奈川県,1983,1.4
神奈川県,1984,1.4
神奈川県,1985,1.42
神奈川県,1986,1.63
神奈川県,1987,1.73
神奈川県,1988,1.43
神奈川県,1989,1.25
神奈川県,1990,1.13
神奈川県,1991,0.87
神奈川県,1992,0.82
神奈川県,1993,0.62
神奈川県,1994,0.5
神奈川県,1995,0.47
神奈川県,1996,0.4
神奈川県,1997,0.49
神奈川県,1998,0.76
神奈川県,1999,0.58
神奈川県,2000,0.69
新潟県,1921,0.8
新潟県,1922,0.48
新潟県,1923,1.47
新潟県,1924,0.77
新潟県,1925,0.55
新潟県,1926,0.75
新潟県,1927,0.92
新潟県,1928,0.92
新潟県,1929,0.73
新潟県,1930,1.13
新潟県,1931,1.28
新潟県,1932,0.76
新潟県,1933,0.82
新潟県,1934,0.12
新潟県,1935,0.22
新潟県,1936,2.49
新潟県,1937,1.05
新潟県,1938,0.5
新潟県,1939,-1.34
新潟県,1940,-1.32
新潟県,1941,-0.04
新潟県,1942,0.28
新潟県,1943,-0.4
新潟県,1944,NA
新潟県,1945,NA
新潟県,1946,NA
新潟県,1947,NA
新潟県,1948,0.29
新潟県,1949,0.68
新潟県,1950,0.79
新潟県,1951,-0.07
新潟県,1952,-0.15
新潟県,1953,0.09
新潟県,1954,0.28
新潟県,1955,0.37
新潟県,1956,-0.1
新潟県,1957,-0.36
新潟県,1958,-0.11
新潟県,1959,-0.31
新潟県,1960,-0.41
新潟県,1961,-0.34
新潟県,1962,-0.51
新潟県,1963,-0.38
新潟県,1964,-0.33
新潟県,1965,-0.22
新潟県,1966,-0.49
新潟県,1967,-0.17
新潟県,1968,-0.32
新潟県,1969,-0.3
新潟県,1970,-0.32
新潟県,1971,-0.17
新潟県,1972,0.07
新潟県,1973,0.26
新潟県,1974,0.51
新潟県,1975,0.64
新潟県,1976,0.59
新潟県,1977,0.48
新潟県,1978,0.45
新潟県,1979,0.45
新潟県,1980,0.5
新潟県,1981,0.3
新潟県,1982,0.26
新潟県,1983,0.16
新潟県,1984,0.22
新潟県,1985,0.16
新潟県,1986,-0.02
新潟県,1987,-0.05
新潟県,1988,-0.01
新潟県,1989,0
新潟県,1990,-0.07
新潟県,1991,0.01
新潟県,1992,0.05
新潟県,1993,0.13
新潟県,1994,0.19
新潟県,1995,0.18
新潟県,1996,0.08
新潟県,1997,-0.02
新潟県,1998,-0.09
新潟県,1999,-0.24
新潟県,2000,-0.24
富山県,1921,0.06
富山県,1922,-0.21
富山県,1923,1.37
富山県,1924,1.16
富山県,1925,1.03
富山県,1926,1.2
富山県,1927,0.58
富山県,1928,0.68
富山県,1929,0.55
富山県,1930,0.9
富山県,1931,0.9
富山県,1932,-0.01
富山県,1933,0.48
富山県,1934,0.43
富山県,1935,0.73
富山県,1936,1.24
富山県,1937,0.59
富山県,1938,0.61
富山県,1939,-0.23
富山県,1940,-0.8
富山県,1941,0.07
富山県,1942,0.71
富山県,1943,0.67
富山県,1944,NA
富山県,1945,NA
富山県,1946,NA
富山県,1947,NA
富山県,1948,1.11
富山県,1949,0.98
富山県,1950,0.9
富山県,1951,0.33
富山県,1952,0.21
富山県,1953,0.24
富山県,1954,0.19
富山県,1955,0.25
富山県,1956,0.25
富山県,1957,0.21
富山県,1958,0.31
富山県,1959,0.18
富山県,1960,0.16
富山県,1961,-0.1
富山県,1962,-0.22
富山県,1963,-0.14
富山県,1964,-0.1
富山県,1965,-0.14
富山県,1966,-0.37
富山県,1967,0.07
富山県,1968,-0.01
富山県,1969,0.25
富山県,1970,0.48
富山県,1971,0.61
富山県,1972,0.82
富山県,1973,0.85
富山県,1974,0.89
富山県,1975,0.76
富山県,1976,0.73
富山県,1977,0.63
富山県,1978,0.57
富山県,1979,0.57
富山県,1980,0.52
富山県,1981,0.25
富山県,1982,0.31
富山県,1983,0.29
富山県,1984,0.27
富山県,1985,0.23
富山県,1986,0.07
富山県,1987,0.12
富山県,1988,-0.03
富山県,1989,0.04
富山県,1990,-0.04
富山県,1991,0.04
富山県,1992,-0.05
富山県,1993,0.08
富山県,1994,0.04
富山県,1995,0.15
富山県,1996,0.14
富山県,1997,-0.04
富山県,1998,-0.06
富山県,1999,-0.18
富山県,2000,-0.06
石川県,1921,0.09
石川県,1922,0.11
石川県,1923,0.11
石川県,1924,0.07
石川県,1925,0.1
石川県,1926,0.17
石川県,1927,0.13
石川県,1928,0.15
石川県,1929,0.15
石川県,1930,0.2
石川県,1931,-0.31
石川県,1932,-0.65
石川県,1933,1.28
石川県,1934,0.67
石川県,1935,0.54
石川県,1936,1.21
石川県,1937,-0.08
石川県,1938,-1.63
石川県,1939,-1.9
石川県,1940,-0.58
石川県,1941,-0.5
石川県,1942,0.1
石川県,1943,0.5
石川県,1944,NA
石川県,1945,NA
石川県,1946,NA
石川県,1947,NA
石川県,1948,1.87
石川県,1949,0.79
石川県,1950,0.49
石川県,1951,0.26
石川県,1952,-0.1
石川県,1953,-0.13
石川県,1954,0.42
石川県,1955,0.49
石川県,1956,0.28
石川県,1957,0.01
石川県,1958,0.09
石川県,1959,0.15
石川県,1960,0.22
石川県,1961,0.17
石川県,1962,-0.08
石川県,1963,0.09
石川県,1964,0.31
石川県,1965,0.23
石川県,1966,-0.02
石川県,1967,0.43
石川県,1968,0.45
石川県,1969,0.6
石川県,1970,0.75
石川県,1971,0.98
石川県,1972,1.2
石川県,1973,1.51
石川県,1974,1.53
石川県,1975,1.33
石川県,1976,1.09
石川県,1977,0.91
石川県,1978,0.79
石川県,1979,0.93
石川県,1980,0.82
石川県,1981,0.67
石川県,1982,0.67
石川県,1983,0.62
石川県,1984,0.5
石川県,1985,0.46
石川県,1986,0.26
石川県,1987,0.2
石川県,1988,0.22
石川県,1989,0.22
石川県,1990,0.17
石川県,1991,0.22
石川県,1992,0.29
石川県,1993,0.23
石川県,1994,0.23
石川県,1995,0.34
石川県,1996,0.08
石川県,1997,0.01
石川県,1998,0.02
石川県,1999,-0.09
石川県,2000,0.06
福井県,1921,0.47
福井県,1922,-0.7
福井県,1923,0.42
福井県,1924,0.55
福井県,1925,-0.94
福井県,1926,-0.15
福井県,1927,0.57
福井県,1928,0.58
福井県,1929,0.65
福井県,1930,1.7
福井県,1931,1.06
福井県,1932,0.74
福井県,1933,0.99
福井県,1934,0.79
福井県,1935,0.96
福井県,1936,-0.89
福井県,1937,-0.05
福井県,1938,0.05
福井県,1939,-0.34
福井県,1940,-0.54
福井県,1941,-1.22
福井県,1942,-0.16
福井県,1943,0.08
福井県,1944,NA
福井県,1945,NA
福井県,1946,NA
福井県,1947,NA
福井県,1948,0.25
福井県,1949,1.84
福井県,1950,1.47
福井県,1951,-0.06
福井県,1952,-0.22
福井県,1953,-0.39
福井県,1954,0.19
福井県,1955,0.71
福井県,1956,0.2
福井県,1957,-0.22
福井県,1958,-0.02
福井県,1959,-0.14
福井県,1960,0
福井県,1961,0.05
福井県,1962,-0.19
福井県,1963,0.05
福井県,1964,-0.07
福井県,1965,-0.13
福井県,1966,-0.62
福井県,1967,-0.08
福井県,1968,-0.21
福井県,1969,-0.09
福井県,1970,0.15
福井県,1971,0.5
福井県,1972,0.74
福井県,1973,0.93
福井県,1974,0.96
福井県,1975,0.76
福井県,1976,0.74
福井県,1977,0.51
福井県,1978,0.48
福井県,1979,0.49
福井県,1980,0.44
福井県,1981,0.48
福井県,1982,0.62
福井県,1983,0.7
福井県,1984,0.56
福井県,1985,0.55
福井県,1986,0.23
福井県,1987,0.26
福井県,1988,0.07
福井県,1989,0.09
福井県,1990,0.07
福井県,1991,-0.06
福井県,1992,0.02
福井県,1993,0.08
福井県,1994,0.18
福井県,1995,0.19
福井県,1996,0.15
福井県,1997,-0.03
福井県,1998,0.02
福井県,1999,-0.06
福井県,2000,0.16
山梨県,1921,0.4
山梨県,1922,0.55
山梨県,1923,0.59
山梨県,1924,0.42
山梨県,1925,0.95
山梨県,1926,0.5
山梨県,1927,0.89
山梨県,1928,0.82
山梨県,1929,0.5
山梨県,1930,2.24
山梨県,1931,0.55
山梨県,1932,0.49
山梨県,1933,0.52
山梨県,1934,0.34
山梨県,1935,0.56
山梨県,1936,-0.13
山梨県,1937,0.34
山梨県,1938,0.23
山梨県,1939,0.09
山梨県,1940,0.12
山梨県,1941,-3.4
山梨県,1942,-0.26
山梨県,1943,0.61
山梨県,1944,NA
山梨県,1945,NA
山梨県,1946,NA
山梨県,1947,NA
山梨県,1948,0.14
山梨県,1949,0.28
山梨県,1950,0.08
山梨県,1951,-0.47
山梨県,1952,-0.09
山梨県,1953,-0.17
山梨県,1954,0.06
山梨県,1955,0.13
山梨県,1956,-0.43
山梨県,1957,-0.68
山梨県,1958,-0.58
山梨県,1959,-0.82
山梨県,1960,-0.63
山梨県,1961,-0.6
山梨県,1962,-0.99
山梨県,1963,-0.33
山梨県,1964,-0.26
山梨県,1965,-0.25
山梨県,1966,-0.29
山梨県,1967,0.1
山梨県,1968,-0.06
山梨県,1969,0.04
山梨県,1970,0.06
山梨県,1971,0.34
山梨県,1972,0.54
山梨県,1973,0.51
山梨県,1974,0.71
山梨県,1975,0.62
山梨県,1976,0.57
山梨県,1977,0.58
山梨県,1978,0.46
山梨県,1979,0.53
山梨県,1980,0.54
山梨県,1981,0.57
山梨県,1982,0.57
山梨県,1983,0.75
山梨県,1984,0.74
山梨県,1985,0.87
山梨県,1986,0.55
山梨県,1987,0.48
山梨県,1988,0.45
山梨県,1989,0.42
山梨県,1990,0.49
山梨県,1991,0.8
山梨県,1992,0.65
山梨県,1993,0.61
山梨県,1994,0.69
山梨県,1995,0.62
山梨県,1996,0.29
山梨県,1997,0.2
山梨県,1998,0.2
山梨県,1999,-0.09
山梨県,2000,0.1
長野県,1921,1.02
長野県,1922,0.45
長野県,1923,1.05
長野県,1924,0.8
長野県,1925,0.86
長野県,1926,1.24
長野県,1927,1
長野県,1928,1.06
長野県,1929,1.09
長野県,1930,0.89
長野県,1931,2.25
長野県,1932,0.24
長野県,1933,-0.22
長野県,1934,-1.04
長野県,1935,-1.37
長野県,1936,-0.99
長野県,1937,-0.02
長野県,1938,0.04
長野県,1939,-0.35
長野県,1940,-0.5
長野県,1941,-1.17
長野県,1942,-0.29
長野県,1943,0.18
長野県,1944,NA
長野県,1945,NA
長野県,1946,NA
長野県,1947,NA
長野県,1948,-0.3
長野県,1949,0.19
長野県,1950,0.15
長野県,1951,-0.36
長野県,1952,-0.74
長野県,1953,-0.52
長野県,1954,-0.22
長野県,1955,-0.09
長野県,1956,-0.33
長野県,1957,-0.58
長野県,1958,-0.31
長野県,1959,-0.37
長野県,1960,-0.39
長野県,1961,-0.34
長野県,1962,-0.31
長野県,1963,-0.2
長野県,1964,-0.19
長野県,1965,-0.15
長野県,1966,-0.43
長野県,1967,-0.01
長野県,1968,0.02
長野県,1969,0.14
長野県,1970,0.22
長野県,1971,0.46
長野県,1972,0.55
長野県,1973,0.7
長野県,1974,0.77
長野県,1975,0.59
長野県,1976,0.76
長野県,1977,0.75
長野県,1978,0.67
長野県,1979,0.58
長野県,1980,0.48
長野県,1981,0.45
長野県,1982,0.43
長野県,1983,0.48
長野県,1984,0.61
長野県,1985,0.56
長野県,1986,0.29
長野県,1987,0.21
長野県,1988,0.08
長野県,1989,0.17
長野県,1990,0.17
長野県,1991,0.23
長野県,1992,0.33
長野県,1993,0.3
長野県,1994,0.39
長野県,1995,0.47
長野県,1996,0.42
長野県,1997,0.18
長野県,1998,0.14
長野県,1999,0
長野県,2000,0.23
岐阜県,1921,1.25
岐阜県,1922,1.02
岐阜県,1923,1.68
岐阜県,1924,0.74
岐阜県,1925,0.99
岐阜県,1926,1.23
岐阜県,1927,0.64
岐阜県,1928,0.62
岐阜県,1929,0.56
岐阜県,1930,0.94
岐阜県,1931,0.91
岐阜県,1932,0.51
岐阜県,1933,1.06
岐阜県,1934,0.9
岐阜県,1935,0.57
岐阜県,1936,0.18
岐阜県,1937,0.41
岐阜県,1938,0.28
岐阜県,1939,0.11
岐阜県,1940,0.41
岐阜県,1941,0.2
岐阜県,1942,0.31
岐阜県,1943,1.15
岐阜県,1944,NA
岐阜県,1945,NA
岐阜県,1946,NA
岐阜県,1947,NA
岐阜県,1948,0.45
岐阜県,1949,1.62
岐阜県,1950,1.3
岐阜県,1951,0.52
岐阜県,1952,1.05
岐阜県,1953,0.65
岐阜県,1954,0.05
岐阜県,1955,0.23
岐阜県,1956,0.47
岐阜県,1957,0.44
岐阜県,1958,0.61
岐阜県,1959,0.96
岐阜県,1960,0.93
岐阜県,1961,0.43
岐阜県,1962,0.67
岐阜県,1963,0.99
岐阜県,1964,0.76
岐阜県,1965,0.89
岐阜県,1966,0.06
岐阜県,1967,0.68
岐阜県,1968,0.62
岐阜県,1969,0.9
岐阜県,1970,1.15
岐阜県,1971,1.21
岐阜県,1972,1.29
岐阜県,1973,1.29
岐阜県,1974,1.2
岐阜県,1975,1.06
岐阜県,1976,1.1
岐阜県,1977,1.08
岐阜県,1978,0.94
岐阜県,1979,0.85
岐阜県,1980,0.87
岐阜県,1981,0.77
岐阜県,1982,0.76
岐阜県,1983,0.68
岐阜県,1984,0.65
岐阜県,1985,0.58
岐阜県,1986,0.37
岐阜県,1987,0.41
岐阜県,1988,0.34
岐阜県,1989,0.33
岐阜県,1990,0.41
岐阜県,1991,0.32
岐阜県,1992,0.43
岐阜県,1993,0.34
岐阜県,1994,0.27
岐阜県,1995,0.27
岐阜県,1996,0.18
岐阜県,1997,0.09
岐阜県,1998,0.07
岐阜県,1999,-0.01
岐阜県,2000,0.01
静岡県,1921,1.52
静岡県,1922,1.43
静岡県,1923,1.9
静岡県,1924,1.05
静岡県,1925,1.67
静岡県,1926,1.84
静岡県,1927,1.24
静岡県,1928,1.27
静岡県,1929,1.29
静岡県,1930,1.71
静岡県,1931,1.79
静岡県,1932,1.51
静岡県,1933,1.42
静岡県,1934,1.48
静岡県,1935,1.47
静岡県,1936,2.28
静岡県,1937,0.49
静岡県,1938,-0.87
静岡県,1939,-0.29
静岡県,1940,0.61
静岡県,1941,0.44
静岡県,1942,1.28
静岡県,1943,0.98
静岡県,1944,NA
静岡県,1945,NA
静岡県,1946,NA
静岡県,1947,NA
静岡県,1948,1.65
静岡県,1949,2.02
静岡県,1950,1.29
静岡県,1951,1.41
静岡県,1952,1.37
静岡県,1953,1.36
静岡県,1954,1.67
静岡県,1955,1.23
静岡県,1956,0.76
静岡県,1957,0.7
静岡県,1958,0.72
静岡県,1959,0.85
静岡県,1960,0.89
静岡県,1961,0.91
静岡県,1962,1.02
静岡県,1963,1.16
静岡県,1964,1.19
静岡県,1965,1.27
静岡県,1966,0.71
静岡県,1967,1.35
静岡県,1968,1.29
静岡県,1969,1.26
静岡県,1970,1.35
静岡県,1971,1.53
静岡県,1972,1.36
静岡県,1973,1.56
静岡県,1974,1.33
静岡県,1975,1.11
静岡県,1976,0.97
静岡県,1977,0.82
静岡県,1978,0.82
静岡県,1979,0.79
静岡県,1980,0.71
静岡県,1981,0.72
静岡県,1982,0.77
静岡県,1983,0.68
静岡県,1984,0.71
静岡県,1985,0.78
静岡県,1986,0.63
静岡県,1987,0.62
静岡県,1988,0.54
静岡県,1989,0.49
静岡県,1990,0.39
静岡県,1991,0.45
静岡県,1992,0.46
静岡県,1993,0.32
静岡県,1994,0.34
静岡県,1995,0.24
静岡県,1996,0.21
静岡県,1997,0.17
静岡県,1998,0.17
静岡県,1999,0.07
静岡県,2000,0.18
愛知県,1921,1.82
愛知県,1922,1.96
愛知県,1923,3.21
愛知県,1924,1.55
愛知県,1925,2.01
愛知県,1926,2.16
愛知県,1927,1.9
愛知県,1928,1.87
愛知県,1929,1.91
愛知県,1930,2.43
愛知県,1931,2.63
愛知県,1932,2.44
愛知県,1933,1.82
愛知県,1934,2
愛知県,1935,2.11
愛知県,1936,2.67
愛知県,1937,1.44
愛知県,1938,1.09
愛知県,1939,1.4
愛知県,1940,2.09
愛知県,1941,0.8
愛知県,1942,2.42
愛知県,1943,2.19
愛知県,1944,NA
愛知県,1945,NA
愛知県,1946,NA
愛知県,1947,NA
愛知県,1948,3.65
愛知県,1949,2.6
愛知県,1950,2.09
愛知県,1951,3.09
愛知県,1952,2.16
愛知県,1953,2.01
愛知県,1954,1.78
愛知県,1955,1.66
愛知県,1956,2.27
愛知県,1957,2.34
愛知県,1958,1.75
愛知県,1959,2.13
愛知県,1960,2.61
愛知県,1961,2.67
愛知県,1962,2.61
愛知県,1963,2.71
愛知県,1964,2.82
愛知県,1965,2.54
愛知県,1966,1.81
愛知県,1967,2.33
愛知県,1968,2.49
愛知県,1969,2.61
愛知県,1970,2.45
愛知県,1971,2.61
愛知県,1972,2.14
愛知県,1973,1.98
愛知県,1974,1.64
愛知県,1975,1.24
愛知県,1976,1.09
愛知県,1977,1.06
愛知県,1978,1.04
愛知県,1979,0.92
愛知県,1980,0.82
愛知県,1981,0.71
愛知県,1982,0.7
愛知県,1983,0.7
愛知県,1984,0.75
愛知県,1985,0.85
愛知県,1986,0.88
愛知県,1987,0.83
愛知県,1988,0.61
愛知県,1989,0.65
愛知県,1990,0.62
愛知県,1991,0.58
愛知県,1992,0.69
愛知県,1993,0.5
愛知県,1994,0.43
愛知県,1995,0.43
愛知県,1996,0.42
愛知県,1997,0.5
愛知県,1998,0.61
愛知県,1999,0.47
愛知県,2000,0.53
三重県,1921,-0.34
三重県,1922,0.2
三重県,1923,1.92
三重県,1924,0.7
三重県,1925,1.09
三重県,1926,0.62
三重県,1927,0.45
三重県,1928,0.46
三重県,1929,0.82
三重県,1930,2.06
三重県,1931,0.32
三重県,1932,0.29
三重県,1933,0.31
三重県,1934,0.26
三重県,1935,0.3
三重県,1936,-0.31
三重県,1937,0.25
三重県,1938,0.16
三重県,1939,-0.03
三重県,1940,0.21
三重県,1941,0.37
三重県,1942,0.45
三重県,1943,1.51
三重県,1944,NA
三重県,1945,NA
三重県,1946,NA
三重県,1947,NA
三重県,1948,1.94
三重県,1949,0.93
三重県,1950,0.26
三重県,1951,0.07
三重県,1952,0.47
三重県,1953,0.45
三重県,1954,0.38
三重県,1955,0.28
三重県,1956,0.06
三重県,1957,-0.15
三重県,1958,0.05
三重県,1959,-0.13
三重県,1960,0.13
三重県,1961,0.38
三重県,1962,0.39
三重県,1963,0.57
三重県,1964,0.44
三重県,1965,0.19
三重県,1966,-0.06
三重県,1967,0.21
三重県,1968,0.36
三重県,1969,0.65
三重県,1970,0.72
三重県,1971,0.94
三重県,1972,1.11
三重県,1973,1.11
三重県,1974,1.14
三重県,1975,0.97
三重県,1976,0.71
三重県,1977,0.73
三重県,1978,0.68
三重県,1979,0.69
三重県,1980,0.88
三重県,1981,0.91
三重県,1982,0.81
三重県,1983,0.7
三重県,1984,0.49
三重県,1985,0.61
三重県,1986,0.52
三重県,1987,0.5
三重県,1988,0.38
三重県,1989,0.59
三重県,1990,0.57
三重県,1991,0.59
三重県,1992,0.59
三重県,1993,0.49
三重県,1994,0.55
三重県,1995,0.48
三重県,1996,0.28
三重県,1997,0.25
三重県,1998,0.19
三重県,1999,0.06
三重県,2000,0.09
滋賀県,1921,0.33
滋賀県,1922,0.38
滋賀県,1923,0.41
滋賀県,1924,0.24
滋賀県,1925,0.37
滋賀県,1926,0.89
滋賀県,1927,0.78
滋賀県,1928,0.77
滋賀県,1929,0.81
滋賀県,1930,1.09
滋賀県,1931,0.83
滋賀県,1932,0.82
滋賀県,1933,0.77
滋賀県,1934,0.18
滋賀県,1935,0.23
滋賀県,1936,-1.21
滋賀県,1937,-0.2
滋賀県,1938,-0.11
滋賀県,1939,-0.49
滋賀県,1940,-0.68
滋賀県,1941,-0.1
滋賀県,1942,0.25
滋賀県,1943,0.3
滋賀県,1944,NA
滋賀県,1945,NA
滋賀県,1946,NA
滋賀県,1947,NA
滋賀県,1948,0.02
滋賀県,1949,-0.08
滋賀県,1950,0.39
滋賀県,1951,-0.6
滋賀県,1952,-0.23
滋賀県,1953,-0.1
滋賀県,1954,-0.01
滋賀県,1955,0.08
滋賀県,1956,-0.4
滋賀県,1957,-0.5
滋賀県,1958,-0.75
滋賀県,1959,0.03
滋賀県,1960,0.31
滋賀県,1961,0.17
滋賀県,1962,0.3
滋賀県,1963,-0.02
滋賀県,1964,0.26
滋賀県,1965,0.56
滋賀県,1966,-0.03
滋賀県,1967,0.56
滋賀県,1968,0.82
滋賀県,1969,1.11
滋賀県,1970,1.75
滋賀県,1971,2.15
滋賀県,1972,1.77
滋賀県,1973,2.01
滋賀県,1974,2.34
滋賀県,1975,2.06
滋賀県,1976,2.03
滋賀県,1977,1.99
滋賀県,1978,1.69
滋賀県,1979,1.75
滋賀県,1980,1.76
滋賀県,1981,1.54
滋賀県,1982,1.43
滋賀県,1983,1.36
滋賀県,1984,1.2
滋賀県,1985,1.31
滋賀県,1986,0.91
滋賀県,1987,0.98
滋賀県,1988,1.11
滋賀県,1989,1.26
滋賀県,1990,1.37
滋賀県,1991,1.06
滋賀県,1992,1.04
滋賀県,1993,0.99
滋賀県,1994,1.01
滋賀県,1995,1.07
滋賀県,1996,0.87
滋賀県,1997,0.92
滋賀県,1998,0.97
滋賀県,1999,0.72
滋賀県,2000,0.78
京都府,1921,1.48
京都府,1922,1.85
京都府,1923,2.34
京都府,1924,1.95
京都府,1925,1.32
京都府,1926,2.1
京都府,1927,1.82
京都府,1928,1.79
京都府,1929,1.83
京都府,1930,2.47
京都府,1931,2.64
京都府,1932,2.04
京都府,1933,1.51
京都府,1934,1.31
京都府,1935,1.79
京都府,1936,-0.32
京都府,1937,0.34
京都府,1938,0.27
京都府,1939,-0.12
京都府,1940,0
京都府,1941,0.08
京都府,1942,-0.67
京都府,1943,-1.94
京都府,1944,NA
京都府,1945,NA
京都府,1946,NA
京都府,1947,NA
京都府,1948,2.21
京都府,1949,2.03
京都府,1950,1.06
京都府,1951,1.48
京都府,1952,1.23
京都府,1953,0.81
京都府,1954,0.8
京都府,1955,1.14
京都府,1956,0.78
京都府,1957,0.72
京都府,1958,0.65
京都府,1959,0.53
京都府,1960,0.28
京都府,1961,0.76
京都府,1962,1.01
京都府,1963,1.13
京都府,1964,1.2
京都府,1965,1.27
京都府,1966,0.91
京都府,1967,1.52
京都府,1968,1.52
京都府,1969,1.4
京都府,1970,1.47
京都府,1971,1.38
京都府,1972,1.83
京都府,1973,1.76
京都府,1974,1.34
京都府,1975,1.22
京都府,1976,1.11
京都府,1977,0.92
京都府,1978,0.82
京都府,1979,0.71
京都府,1980,0.6
京都府,1981,0.47
京都府,1982,0.56
京都府,1983,0.61
京都府,1984,0.37
京都府,1985,0.31
京都府,1986,0.35
京都府,1987,0.22
京都府,1988,0.11
京都府,1989,0.02
京都府,1990,-0.08
京都府,1991,0.22
京都府,1992,0.27
京都府,1993,0.11
京都府,1994,0.15
京都府,1995,0.29
京都府,1996,0.19
京都府,1997,0.12
京都府,1998,0.2
京都府,1999,0.08
京都府,2000,-0.02
大阪府,1921,3.82
大阪府,1922,3.45
大阪府,1923,5.31
大阪府,1924,2.44
大阪府,1925,2.04
大阪府,1926,3.29
大阪府,1927,3.15
大阪府,1928,3.1
大阪府,1929,2.83
大阪府,1930,2.43
大阪府,1931,3.23
大阪府,1932,3.76
大阪府,1933,3.86
大阪府,1934,4.43
大阪府,1935,4.49
大阪府,1936,3.85
大阪府,1937,1.36
大阪府,1938,1.3
大阪府,1939,2.26
大阪府,1940,1.09
大阪府,1941,-1.08
大阪府,1942,-0.05
大阪府,1943,-3.25
大阪府,1944,NA
大阪府,1945,NA
大阪府,1946,NA
大阪府,1947,NA
大阪府,1948,5.5
大阪府,1949,5.53
大阪府,1950,3.89
大阪府,1951,5.58
大阪府,1952,4.07
大阪府,1953,3.69
大阪府,1954,2.65
大阪府,1955,2.38
大阪府,1956,3.09
大阪府,1957,3.78
大阪府,1958,3.46
大阪府,1959,3.56
大阪府,1960,3.97
大阪府,1961,4.19
大阪府,1962,4.3
大阪府,1963,3.75
大阪府,1964,3.77
大阪府,1965,3.37
大阪府,1966,2.36
大阪府,1967,2.85
大阪府,1968,2.9
大阪府,1969,2.93
大阪府,1970,2.65
大阪府,1971,2.42
大阪府,1972,2.01
大阪府,1973,1.52
大阪府,1974,1.33
大阪府,1975,1.08
大阪府,1976,0.62
大阪府,1977,0.52
大阪府,1978,0.46
大阪府,1979,0.4
大阪府,1980,0.33
大阪府,1981,0.42
大阪府,1982,0.4
大阪府,1983,0.54
大阪府,1984,0.51
大阪府,1985,0.41
大阪府,1986,0.43
大阪府,1987,0.37
大阪府,1988,0.13
大阪府,1989,-0.05
大阪府,1990,-0.11
大阪府,1991,0.18
大阪府,1992,0.12
大阪府,1993,0.01
大阪府,1994,-0.03
大阪府,1995,0.44
大阪府,1996,0.11
大阪府,1997,0.01
大阪府,1998,0.06
大阪府,1999,-0.01
大阪府,2000,-0.08
兵庫県,1921,1.29
兵庫県,1922,1.38
兵庫県,1923,1.92
兵庫県,1924,0.65
兵庫県,1925,1.23
兵庫県,1926,1.63
兵庫県,1927,1.46
兵庫県,1928,1.45
兵庫県,1929,1.33
兵庫県,1930,1.71
兵庫県,1931,1.92
兵庫県,1932,1.79
兵庫県,1933,1.91
兵庫県,1934,2.15
兵庫県,1935,2.28
兵庫県,1936,2.7
兵庫県,1937,1.47
兵庫県,1938,1.1
兵庫県,1939,1.2
兵庫県,1940,1.83
兵庫県,1941,1.07
兵庫県,1942,2.54
兵庫県,1943,0.09
兵庫県,1944,NA
兵庫県,1945,NA
兵庫県,1946,NA
兵庫県,1947,NA
兵庫県,1948,2.15
兵庫県,1949,3.15
兵庫県,1950,2.74
兵庫県,1951,2.98
兵庫県,1952,1.89
兵庫県,1953,1.7
兵庫県,1954,1.33
兵庫県,1955,1.17
兵庫県,1956,1.43
兵庫県,1957,1.57
兵庫県,1958,1.44
兵庫県,1959,1.49
兵庫県,1960,1.72
兵庫県,1961,2.03
兵庫県,1962,2.23
兵庫県,1963,1.99
兵庫県,1964,1.97
兵庫県,1965,1.71
兵庫県,1966,1.17
兵庫県,1967,1.48
兵庫県,1968,1.62
兵庫県,1969,1.94
兵庫県,1970,1.83
兵庫県,1971,1.55
兵庫県,1972,1.53
兵庫県,1973,1.39
兵庫県,1974,1.26
兵庫県,1975,1.03
兵庫県,1976,0.73
兵庫県,1977,0.69
兵庫県,1978,0.59
兵庫県,1979,0.5
兵庫県,1980,0.51
兵庫県,1981,0.5
兵庫県,1982,0.53
兵庫県,1983,0.56
兵庫県,1984,0.48
兵庫県,1985,0.49
兵庫県,1986,0.42
兵庫県,1987,0.36
兵庫県,1988,0.46
兵庫県,1989,0.53
兵庫県,1990,0.61
兵庫県,1991,0.38
兵庫県,1992,0.33
兵庫県,1993,0.24
兵庫県,1994,0.23
兵庫県,1995,-1.23
兵庫県,1996,0.36
兵庫県,1997,0.62
兵庫県,1998,0.71
兵庫県,1999,0.62
兵庫県,2000,0.41
奈良県,1921,0.65
奈良県,1922,0.7
奈良県,1923,0.82
奈良県,1924,0.45
奈良県,1925,0.73
奈良県,1926,-0.54
奈良県,1927,0.84
奈良県,1928,0.82
奈良県,1929,0.56
奈良県,1930,0.43
奈良県,1931,0.75
奈良県,1932,0.6
奈良県,1933,0.76
奈良県,1934,1.12
奈良県,1935,0.77
奈良県,1936,-0.54
奈良県,1937,-0.7
奈良県,1938,-1.66
奈良県,1939,-1.64
奈良県,1940,2.85
奈良県,1941,-0.58
奈良県,1942,0.48
奈良県,1943,1.26
奈良県,1944,NA
奈良県,1945,NA
奈良県,1946,NA
奈良県,1947,NA
奈良県,1948,-1.04
奈良県,1949,-0.39
奈良県,1950,-0.64
奈良県,1951,0.23
奈良県,1952,0.39
奈良県,1953,0.25
奈良県,1954,0.52
奈良県,1955,0.29
奈良県,1956,0.03
奈良県,1957,-0.05
奈良県,1958,0.17
奈良県,1959,0.29
奈良県,1960,0.1
奈良県,1961,0.31
奈良県,1962,0.73
奈良県,1963,1.42
奈良県,1964,1.35
奈良県,1965,1.82
奈良県,1966,1.46
奈良県,1967,2.19
奈良県,1968,2.42
奈良県,1969,2.84
奈良県,1970,3.11
奈良県,1971,3.11
奈良県,1972,3.52
奈良県,1973,3.6
奈良県,1974,2.63
奈良県,1975,2.07
奈良県,1976,1.92
奈良県,1977,2.34
奈良県,1978,2.52
奈良県,1979,2.51
奈良県,1980,2.38
奈良県,1981,1.96
奈良県,1982,1.67
奈良県,1983,1.51
奈良県,1984,1.4
奈良県,1985,1.13
奈良県,1986,0.99
奈良県,1987,1.13
奈良県,1988,1.1
奈良県,1989,1.14
奈良県,1990,0.94
奈良県,1991,0.94
奈良県,1992,0.86
奈良県,1993,0.83
奈良県,1994,0.58
奈良県,1995,0.75
奈良県,1996,0.46
奈良県,1997,0.3
奈良県,1998,0.1
奈良県,1999,0.08
奈良県,2000,-0.1
和歌山県,1921,0.94
和歌山県,1922,0.9
和歌山県,1923,1.53
和歌山県,1924,0.57
和歌山県,1925,0.91
和歌山県,1926,1.19
和歌山県,1927,0.83
和歌山県,1928,0.83
和歌山県,1929,0.96
和歌山県,1930,1.56
和歌山県,1931,1.21
和歌山県,1932,1.26
和歌山県,1933,0.34
和歌山県,1934,0.75
和歌山県,1935,0.39
和歌山県,1936,0.27
和歌山県,1937,-0.03
和歌山県,1938,-1.36
和歌山県,1939,-1.28
和歌山県,1940,0.42
和歌山県,1941,-0.08
和歌山県,1942,-0.56
和歌山県,1943,0.6
和歌山県,1944,NA
和歌山県,1945,NA
和歌山県,1946,NA
和歌山県,1947,NA
和歌山県,1948,0.48
和歌山県,1949,1.5
和歌山県,1950,0.31
和歌山県,1951,0.08
和歌山県,1952,0.53
和歌山県,1953,0.2
和歌山県,1954,0.76
和歌山県,1955,0.92
和歌山県,1956,0.07
和歌山県,1957,-0.45
和歌山県,1958,-0.14
和歌山県,1959,0.02
和歌山県,1960,0.04
和歌山県,1961,0.17
和歌山県,1962,0.16
和歌山県,1963,0.56
和歌山県,1964,0.75
和歌山県,1965,0.8
和歌山県,1966,0.08
和歌山県,1967,0.53
和歌山県,1968,0.41
和歌山県,1969,0.21
和歌山県,1970,0.31
和歌山県,1971,0.45
和歌山県,1972,0.61
和歌山県,1973,0.63
和歌山県,1974,0.55
和歌山県,1975,0.55
和歌山県,1976,0.48
和歌山県,1977,0.29
和歌山県,1978,0.32
和歌山県,1979,0.2
和歌山県,1980,0.09
和歌山県,1981,0.13
和歌山県,1982,0.18
和歌山県,1983,-0.04
和歌山県,1984,-0.13
和歌山県,1985,-0.12
和歌山県,1986,-0.38
和歌山県,1987,-0.38
和歌山県,1988,-0.3
和歌山県,1989,-0.15
和歌山県,1990,0.02
和歌山県,1991,0.12
和歌山県,1992,0.08
和歌山県,1993,0.09
和歌山県,1994,0.2
和歌山県,1995,0.08
和歌山県,1996,-0.09
和歌山県,1997,-0.14
和歌山県,1998,-0.2
和歌山県,1999,-0.18
和歌山県,2000,-0.36
鳥取県,1921,1.04
鳥取県,1922,0.74
鳥取県,1923,0.82
鳥取県,1924,0.41
鳥取県,1925,0.8
鳥取県,1926,1.35
鳥取県,1927,0.69
鳥取県,1928,0.66
鳥取県,1929,0.33
鳥取県,1930,0.53
鳥取県,1931,2.19
鳥取県,1932,0.16
鳥取県,1933,-0.2
鳥取県,1934,-1.22
鳥取県,1935,-0.66
鳥取県,1936,-1.32
鳥取県,1937,-0.17
鳥取県,1938,0.04
鳥取県,1939,-0.58
鳥取県,1940,-1.15
鳥取県,1941,0.14
鳥取県,1942,0.23
鳥取県,1943,0.34
鳥取県,1944,NA
鳥取県,1945,NA
鳥取県,1946,NA
鳥取県,1947,NA
鳥取県,1948,0.58
鳥取県,1949,0.61
鳥取県,1950,0.94
鳥取県,1951,0.19
鳥取県,1952,0.19
鳥取県,1953,0.72
鳥取県,1954,0.69
鳥取県,1955,0.54
鳥取県,1956,-0.23
鳥取県,1957,-0.56
鳥取県,1958,-0.45
鳥取県,1959,-0.46
鳥取県,1960,-0.79
鳥取県,1961,-0.64
鳥取県,1962,-0.7
鳥取県,1963,-0.51
鳥取県,1964,-0.64
鳥取県,1965,-0.77
鳥取県,1966,-0.86
鳥取県,1967,-0.36
鳥取県,1968,-0.36
鳥取県,1969,-0.12
鳥取県,1970,-0.23
鳥取県,1971,-0.12
鳥取県,1972,0.3
鳥取県,1973,0.64
鳥取県,1974,0.75
鳥取県,1975,0.61
鳥取県,1976,0.81
鳥取県,1977,0.81
鳥取県,1978,0.66
鳥取県,1979,0.9
鳥取県,1980,0.7
鳥取県,1981,0.52
鳥取県,1982,0.46
鳥取県,1983,0.33
鳥取県,1984,0.32
鳥取県,1985,0.3
鳥取県,1986,0.02
鳥取県,1987,0.02
鳥取県,1988,0.04
鳥取県,1989,-0.06
鳥取県,1990,-0.08
鳥取県,1991,-0.04
鳥取県,1992,-0.16
鳥取県,1993,-0.07
鳥取県,1994,0.03
鳥取県,1995,0.11
鳥取県,1996,-0.07
鳥取県,1997,-0.03
鳥取県,1998,0.07
鳥取県,1999,-0.12
鳥取県,2000,-0.12
島根県,1921,0.38
島根県,1922,0.22
島根県,1923,0.22
島根県,1924,-0.12
島根県,1925,0.38
島根県,1926,0.48
島根県,1927,0.21
島根県,1928,0.26
島根県,1929,0.63
島根県,1930,0.76
島根県,1931,0.24
島根県,1932,0.19
島根県,1933,0.22
島根県,1934,0.19
島根県,1935,0.19
島根県,1936,0.29
島根県,1937,0.25
島根県,1938,-0.76
島根県,1939,-2.11
島根県,1940,-0.65
島根県,1941,-0.05
島根県,1942,0.33
島根県,1943,0.11
島根県,1944,NA
島根県,1945,NA
島根県,1946,NA
島根県,1947,NA
島根県,1948,0.78
島根県,1949,0.72
島根県,1950,0.53
島根県,1951,-0.07
島根県,1952,0.25
島根県,1953,0.4
島根県,1954,0.75
島根県,1955,0.47
島根県,1956,-0.5
島根県,1957,-1.06
島根県,1958,-0.59
島根県,1959,-1.07
島根県,1960,-1.17
島根県,1961,-1.12
島根県,1962,-1.49
島根県,1963,-1.57
島根県,1964,-1.8
島根県,1965,-1.82
島根県,1966,-1.47
島根県,1967,-1.1
島根県,1968,-1.21
島根県,1969,-1.09
島根県,1970,-1.12
島根県,1971,-0.83
島根県,1972,-0.35
島根県,1973,0.14
島根県,1974,0.18
島根県,1975,0.26
島根県,1976,0.34
島根県,1977,0.49
島根県,1978,0.45
島根県,1979,0.44
島根県,1980,0.33
島根県,1981,0.3
島根県,1982,0.33
島根県,1983,0.08
島根県,1984,0.3
島根県,1985,0.24
島根県,1986,-0.23
島根県,1987,-0.15
島根県,1988,-0.38
島根県,1989,-0.44
島根県,1990,-0.52
島根県,1991,-0.35
島根県,1992,-0.36
島根県,1993,-0.37
島根県,1994,-0.12
島根県,1995,-0.02
島根県,1996,-0.22
島根県,1997,-0.28
島根県,1998,-0.32
島根県,1999,-0.31
島根県,2000,-0.17
岡山県,1921,0.58
岡山県,1922,0.24
岡山県,1923,0.61
岡山県,1924,0.1
岡山県,1925,0.17
岡山県,1926,0.98
岡山県,1927,0.65
岡山県,1928,0.63
岡山県,1929,0.6
岡山県,1930,0.77
岡山県,1931,1.11
岡山県,1932,0.84
岡山県,1933,0.73
岡山県,1934,0.33
岡山県,1935,0.73
岡山県,1936,-0.99
岡山県,1937,-0.02
岡山県,1938,0.06
岡山県,1939,-0.37
岡山県,1940,-0.55
岡山県,1941,0.29
岡山県,1942,0.49
岡山県,1943,1.13
岡山県,1944,NA
岡山県,1945,NA
岡山県,1946,NA
岡山県,1947,NA
岡山県,1948,1.11
岡山県,1949,0.78
岡山県,1950,0.65
岡山県,1951,0.77
岡山県,1952,0.2
岡山県,1953,0.43
岡山県,1954,0.17
岡山県,1955,0.15
岡山県,1956,0.14
岡山県,1957,-0.32
岡山県,1958,-0.35
岡山県,1959,-0.31
岡山県,1960,-0.3
岡山県,1961,-0.46
岡山県,1962,-0.59
岡山県,1963,-0.44
岡山県,1964,-0.15
岡山県,1965,0.11
岡山県,1966,0.17
岡山県,1967,0.72
岡山県,1968,0.72
岡山県,1969,0.86
岡山県,1970,1.24
岡山県,1971,1.48
岡山県,1972,1.17
岡山県,1973,1.13
岡山県,1974,1.27
岡山県,1975,1.08
岡山県,1976,0.79
岡山県,1977,0.6
岡山県,1978,0.58
岡山県,1979,0.59
岡山県,1980,0.53
岡山県,1981,0.55
岡山県,1982,0.53
岡山県,1983,0.51
岡山県,1984,0.44
岡山県,1985,0.41
岡山県,1986,0.23
岡山県,1987,0.16
岡山県,1988,0.02
岡山県,1989,0.03
岡山県,1990,0.03
岡山県,1991,0.23
岡山県,1992,0.24
岡山県,1993,0.28
岡山県,1994,0.23
岡山県,1995,0.3
岡山県,1996,0.01
岡山県,1997,0.07
岡山県,1998,0.03
岡山県,1999,-0.02
岡山県,2000,-0.09
広島県,1921,1.04
広島県,1922,1.1
広島県,1923,1.48
広島県,1924,0.44
広島県,1925,0.76
広島県,1926,1.12
広島県,1927,0.79
広島県,1928,0.78
広島県,1929,0.85
広島県,1930,0.97
広島県,1931,1.53
広島県,1932,1.27
広島県,1933,1.37
広島県,1934,1.07
広島県,1935,1.24
広島県,1936,0.72
広島県,1937,0.23
広島県,1938,0.05
広島県,1939,-0.31
広島県,1940,0.3
広島県,1941,1.28
広島県,1942,3.94
広島県,1943,2.49
広島県,1944,NA
広島県,1945,NA
広島県,1946,NA
広島県,1947,NA
広島県,1948,1.63
広島県,1949,1.25
広島県,1950,0.59
広島県,1951,0.72
広島県,1952,0.42
広島県,1953,0.61
広島県,1954,0.76
広島県,1955,0.67
広島県,1956,0.35
広島県,1957,0.32
広島県,1958,0.23
広島県,1959,0.54
広島県,1960,0.18
広島県,1961,0.45
広島県,1962,0.79
広島県,1963,0.89
広島県,1964,1.07
広島県,1965,1.17
広島県,1966,0.87
広島県,1967,1.32
広島県,1968,1.54
広島県,1969,1.49
広島県,1970,1.4
広島県,1971,1.79
広島県,1972,2
広島県,1973,1.9
広島県,1974,1.47
広島県,1975,1.19
広島県,1976,0.89
広島県,1977,0.73
広島県,1978,0.52
広島県,1979,0.49
広島県,1980,0.83
広島県,1981,0.79
広島県,1982,0.6
広島県,1983,0.56
広島県,1984,0.49
広島県,1985,0.45
広島県,1986,0.34
広島県,1987,0.18
広島県,1988,0.16
広島県,1989,0.14
広島県,1990,0.26
広島県,1991,0.31
広島県,1992,0.3
広島県,1993,0.2
広島県,1994,0.13
広島県,1995,0.17
広島県,1996,-0.01
広島県,1997,0.01
広島県,1998,0.03
広島県,1999,-0.05
広島県,2000,-0.07
山口県,1921,1.05
山口県,1922,1.1
山口県,1923,1.26
山口県,1924,0.53
山口県,1925,1.1
山口県,1926,1
山口県,1927,0.69
山口県,1928,0.71
山口県,1929,0.72
山口県,1930,0.58
山口県,1931,0.96
山口県,1932,0.97
山口県,1933,1.08
山口県,1934,0.92
山口県,1935,0.82
山口県,1936,1.63
山口県,1937,1.24
山口県,1938,0.96
山口県,1939,0.82
山口県,1940,1.56
山口県,1941,1.18
山口県,1942,3.39
山口県,1943,2.56
山口県,1944,NA
山口県,1945,NA
山口県,1946,NA
山口県,1947,NA
山口県,1948,2.32
山口県,1949,2.52
山口県,1950,-0.69
山口県,1951,0.77
山口県,1952,1.32
山口県,1953,0.94
山口県,1954,0.69
山口県,1955,0.68
山口県,1956,0.46
山口県,1957,0.11
山口県,1958,0.24
山口県,1959,-0.32
山口県,1960,-0.96
山口県,1961,-0.54
山口県,1962,-0.54
山口県,1963,-1
山口県,1964,-1.13
山口県,1965,-0.5
山口県,1966,-0.77
山口県,1967,-0.47
山口県,1968,-0.61
山口県,1969,-0.17
山口県,1970,-0.08
山口県,1971,0.21
山口県,1972,0.59
山口県,1973,0.54
山口県,1974,0.69
山口県,1975,0.84
山口県,1976,0.58
山口県,1977,0.54
山口県,1978,0.42
山口県,1979,0.2
山口県,1980,0.28
山口県,1981,0.28
山口県,1982,0.37
山口県,1983,0.17
山口県,1984,0.08
山口県,1985,0.01
山口県,1986,-0.25
山口県,1987,-0.34
山口県,1988,-0.31
山口県,1989,-0.39
山口県,1990,-0.54
山口県,1991,-0.26
山口県,1992,-0.25
山口県,1993,-0.22
山口県,1994,-0.15
山口県,1995,-0.2
山口県,1996,-0.35
山口県,1997,-0.31
山口県,1998,-0.35
山口県,1999,-0.35
山口県,2000,-0.43
徳島県,1921,0.46
徳島県,1922,1.04
徳島県,1923,0.71
徳島県,1924,0.55
徳島県,1925,0.13
徳島県,1926,0.32
徳島県,1927,0.68
徳島県,1928,0.62
徳島県,1929,0.86
徳島県,1930,1.35
徳島県,1931,0.61
徳島県,1932,0.33
徳島県,1933,0.66
徳島県,1934,0.15
徳島県,1935,-0.06
徳島県,1936,0.1
徳島県,1937,-0.16
徳島県,1938,-1.68
徳島県,1939,-1.38
徳島県,1940,0.07
徳島県,1941,-0.33
徳島県,1942,0.09
徳島県,1943,0.2
徳島県,1944,NA
徳島県,1945,NA
徳島県,1946,NA
徳島県,1947,NA
徳島県,1948,2.03
徳島県,1949,0.03
徳島県,1950,0.69
徳島県,1951,-0.47
徳島県,1952,-0.04
徳島県,1953,-0.02
徳島県,1954,0.26
徳島県,1955,0.23
徳島県,1956,-0.43
徳島県,1957,-1.04
徳島県,1958,-0.63
徳島県,1959,-0.49
徳島県,1960,-0.98
徳島県,1961,-0.92
徳島県,1962,-0.9
徳島県,1963,-0.66
徳島県,1964,-0.72
徳島県,1965,-0.65
徳島県,1966,-0.83
徳島県,1967,-0.6
徳島県,1968,-0.74
徳島県,1969,-0.48
徳島県,1970,-0.33
徳島県,1971,0.04
徳島県,1972,0.3
徳島県,1973,0.43
徳島県,1974,0.46
徳島県,1975,0.53
徳島県,1976,0.53
徳島県,1977,0.45
徳島県,1978,0.55
徳島県,1979,0.55
徳島県,1980,0.39
徳島県,1981,0.26
徳島県,1982,0.26
徳島県,1983,0.21
徳島県,1984,0.28
徳島県,1985,0.14
徳島県,1986,0.02
徳島県,1987,0.02
徳島県,1988,-0.11
徳島県,1989,-0.15
徳島県,1990,-0.18
徳島県,1991,-0.09
徳島県,1992,-0.05
徳島県,1993,0.05
徳島県,1994,-0.05
徳島県,1995,0.23
徳島県,1996,-0.14
徳島県,1997,-0.15
徳島県,1998,-0.12
徳島県,1999,-0.25
徳島県,2000,-0.34
香川県,1921,-0.1
香川県,1922,0.61
香川県,1923,1.81
香川県,1924,0.39
香川県,1925,0.58
香川県,1926,1.3
香川県,1927,0.87
香川県,1928,0.87
香川県,1929,0.65
香川県,1930,0.87
香川県,1931,1.87
香川県,1932,1.61
香川県,1933,0.29
香川県,1934,-1.25
香川県,1935,-0.34
香川県,1936,-1.73
香川県,1937,-0.43
香川県,1938,-0.11
香川県,1939,-0.81
香川県,1940,-1.32
香川県,1941,-0.19
香川県,1942,0.18
香川県,1943,0.15
香川県,1944,NA
香川県,1945,NA
香川県,1946,NA
香川県,1947,NA
香川県,1948,1.48
香川県,1949,0.96
香川県,1950,0.62
香川県,1951,-0.18
香川県,1952,-0.46
香川県,1953,-0.25
香川県,1954,0.17
香川県,1955,0.48
香川県,1956,-0.08
香川県,1957,-0.75
香川県,1958,-0.66
香川県,1959,-0.2
香川県,1960,-0.98
香川県,1961,-0.86
香川県,1962,-0.78
香川県,1963,0
香川県,1964,-0.21
香川県,1965,-0.12
香川県,1966,-0.55
香川県,1967,0.21
香川県,1968,0.18
香川県,1969,0.41
香川県,1970,0.54
香川県,1971,0.92
香川県,1972,1.09
香川県,1973,1.3
香川県,1974,1.38
香川県,1975,1.06
香川県,1976,0.93
香川県,1977,0.94
香川県,1978,0.72
香川県,1979,0.69
香川県,1980,0.66
香川県,1981,0.5
香川県,1982,0.47
香川県,1983,0.44
香川県,1984,0.39
香川県,1985,0.44
香川県,1986,0.1
香川県,1987,0.07
香川県,1988,0.03
香川県,1989,-0.11
香川県,1990,0
香川県,1991,-0.01
香川県,1992,0.06
香川県,1993,0.07
香川県,1994,0.1
香川県,1995,0.14
香川県,1996,-0.03
香川県,1997,-0.07
香川県,1998,-0.05
香川県,1999,-0.06
香川県,2000,-0.18
愛媛県,1921,0.92
愛媛県,1922,1.07
愛媛県,1923,1.63
愛媛県,1924,0.4
愛媛県,1925,0.65
愛媛県,1926,1.42
愛媛県,1927,0.74
愛媛県,1928,0.73
愛媛県,1929,0.51
愛媛県,1930,0.71
愛媛県,1931,2.39
愛媛県,1932,-0.2
愛媛県,1933,-0.56
愛媛県,1934,0.28
愛媛県,1935,0.09
愛媛県,1936,1
愛媛県,1937,0.46
愛媛県,1938,-1.67
愛媛県,1939,-1.63
愛媛県,1940,1.41
愛媛県,1941,0.65
愛媛県,1942,0.78
愛媛県,1943,0.87
愛媛県,1944,NA
愛媛県,1945,NA
愛媛県,1946,NA
愛媛県,1947,NA
愛媛県,1948,1.45
愛媛県,1949,1.65
愛媛県,1950,1.51
愛媛県,1951,0.1
愛媛県,1952,0.19
愛媛県,1953,-0.01
愛媛県,1954,0.32
愛媛県,1955,0.63
愛媛県,1956,0.05
愛媛県,1957,-0.64
愛媛県,1958,-0.5
愛媛県,1959,-0.53
愛媛県,1960,-1.01
愛媛県,1961,-0.84
愛媛県,1962,-0.93
愛媛県,1963,-0.84
愛媛県,1964,-0.73
愛媛県,1965,-0.35
愛媛県,1966,-0.67
愛媛県,1967,-0.36
愛媛県,1968,-0.45
愛媛県,1969,-0.28
愛媛県,1970,-0.22
愛媛県,1971,0.35
愛媛県,1972,0.58
愛媛県,1973,0.63
愛媛県,1974,0.84
愛媛県,1975,0.88
愛媛県,1976,0.76
愛媛県,1977,0.68
愛媛県,1978,0.47
愛媛県,1979,0.45
愛媛県,1980,0.43
愛媛県,1981,0.37
愛媛県,1982,0.32
愛媛県,1983,0.3
愛媛県,1984,0.28
愛媛県,1985,0.27
愛媛県,1986,-0.16
愛媛県,1987,-0.19
愛媛県,1988,-0.19
愛媛県,1989,-0.21
愛媛県,1990,-0.24
愛媛県,1991,-0.14
愛媛県,1992,-0.16
愛媛県,1993,-0.14
愛媛県,1994,-0.05
愛媛県,1995,-0.07
愛媛県,1996,-0.11
愛媛県,1997,-0.11
愛媛県,1998,-0.14
愛媛県,1999,-0.32
愛媛県,2000,-0.22
高知県,1921,1.34
高知県,1922,-0.16
高知県,1923,0.35
高知県,1924,0.75
高知県,1925,0.17
高知県,1926,1.02
高知県,1927,0.65
高知県,1928,0.64
高知県,1929,0.67
高知県,1930,1.41
高知県,1931,1.4
高知県,1932,0.74
高知県,1933,-0.01
高知県,1934,-1.36
高知県,1935,-1.18
高知県,1936,0.07
高知県,1937,0.35
高知県,1938,-1.64
高知県,1939,-1.2
高知県,1940,-0.01
高知県,1941,-0.27
高知県,1942,0.13
高知県,1943,0.04
高知県,1944,NA
高知県,1945,NA
高知県,1946,NA
高知県,1947,NA
高知県,1948,1.65
高知県,1949,0.82
高知県,1950,0.51
高知県,1951,-0.36
高知県,1952,0.12
高知県,1953,0.29
高知県,1954,0.5
高知県,1955,0.46
高知県,1956,0.01
高知県,1957,-0.9
高知県,1958,-0.46
高知県,1959,-0.55
高知県,1960,-1.32
高知県,1961,-1.07
高知県,1962,-1.25
高知県,1963,-0.87
高知県,1964,-0.85
高知県,1965,-0.96
高知県,1966,-1
高知県,1967,-0.45
高知県,1968,-0.59
高知県,1969,-0.68
高知県,1970,-0.49
高知県,1971,0.04
高知県,1972,0.63
高知県,1973,0.67
高知県,1974,0.62
高知県,1975,0.74
高知県,1976,0.71
高知県,1977,0.58
高知県,1978,0.6
高知県,1979,0.63
高知県,1980,0.28
高知県,1981,0.26
高知県,1982,0.25
高知県,1983,0.25
高知県,1984,0.12
高知県,1985,0.14
高知県,1986,-0.26
高知県,1987,-0.2
高知県,1988,-0.33
高知県,1989,-0.38
高知県,1990,-0.6
高知県,1991,-0.35
高知県,1992,-0.41
高知県,1993,-0.16
高知県,1994,-0.08
高知県,1995,-0.01
高知県,1996,-0.06
高知県,1997,-0.03
高知県,1998,-0.05
高知県,1999,-0.07
高知県,2000,-0.13
福岡県,1921,0.98
福岡県,1922,1.09
福岡県,1923,1.22
福岡県,1924,0.69
福岡県,1925,1.09
福岡県,1926,1.98
福岡県,1927,1.67
福岡県,1928,1.73
福岡県,1929,1.73
福岡県,1930,2.33
福岡県,1931,1.73
福岡県,1932,1.31
福岡県,1933,1.66
福岡県,1934,2.26
福岡県,1935,1.78
福岡県,1936,1.79
福岡県,1937,2.33
福岡県,1938,3.62
福岡県,1939,2.47
福岡県,1940,-0.22
福岡県,1941,0.38
福岡県,1942,0.35
福岡県,1943,0.47
福岡県,1944,NA
福岡県,1945,NA
福岡県,1946,NA
福岡県,1947,NA
福岡県,1948,3.83
福岡県,1949,3.96
福岡県,1950,2.9
福岡県,1951,2.57
福岡県,1952,2.72
福岡県,1953,1.88
福岡県,1954,0.91
福岡県,1955,0.94
福岡県,1956,1.11
福岡県,1957,0.95
福岡県,1958,0.99
福岡県,1959,0.91
福岡県,1960,-0.2
福岡県,1961,-0.28
福岡県,1962,-0.14
福岡県,1963,-0.49
福岡県,1964,-0.4
福岡県,1965,0.26
福岡県,1966,0.39
福岡県,1967,0.48
福岡県,1968,0.24
福岡県,1969,0.29
福岡県,1970,0.18
福岡県,1971,0.7
福岡県,1972,1.1
福岡県,1973,1.35
福岡県,1974,1.43
福岡県,1975,1.85
福岡県,1976,1.41
福岡県,1977,1.32
福岡県,1978,1.11
福岡県,1979,1.03
福岡県,1980,1.06
福岡県,1981,0.89
福岡県,1982,0.82
福岡県,1983,0.75
福岡県,1984,0.64
福岡県,1985,0.48
福岡県,1986,0.46
福岡県,1987,0.32
福岡県,1988,0.36
福岡県,1989,0.42
福岡県,1990,0.37
福岡県,1991,0.48
福岡県,1992,0.52
福岡県,1993,0.53
福岡県,1994,0.5
福岡県,1995,0.49
福岡県,1996,0.39
福岡県,1997,0.38
福岡県,1998,0.38
福岡県,1999,0.24
福岡県,2000,0.27
佐賀県,1921,1.25
佐賀県,1922,0.31
佐賀県,1923,-0.1
佐賀県,1924,-0.09
佐賀県,1925,0.25
佐賀県,1926,0.2
佐賀県,1927,0.17
佐賀県,1928,0.17
佐賀県,1929,0.17
佐賀県,1930,0.26
佐賀県,1931,0.8
佐賀県,1932,-0.56
佐賀県,1933,1.21
佐賀県,1934,-2.29
佐賀県,1935,0.09
佐賀県,1936,-0.44
佐賀県,1937,0.19
佐賀県,1938,0.13
佐賀県,1939,-0.07
佐賀県,1940,0.18
佐賀県,1941,1.56
佐賀県,1942,0.78
佐賀県,1943,1.34
佐賀県,1944,NA
佐賀県,1945,NA
佐賀県,1946,NA
佐賀県,1947,NA
佐賀県,1948,-0.72
佐賀県,1949,2.13
佐賀県,1950,1.56
佐賀県,1951,0.27
佐賀県,1952,0.88
佐賀県,1953,0.72
佐賀県,1954,0.69
佐賀県,1955,0.44
佐賀県,1956,-0.15
佐賀県,1957,-0.76
佐賀県,1958,-0.47
佐賀県,1959,-0.46
佐賀県,1960,-1.37
佐賀県,1961,-1.34
佐賀県,1962,-2.05
佐賀県,1963,-1.87
佐賀県,1964,-1.51
佐賀県,1965,-0.98
佐賀県,1966,-0.39
佐賀県,1967,-0.37
佐賀県,1968,-1.08
佐賀県,1969,-1.36
佐賀県,1970,-0.69
佐賀県,1971,-0.95
佐賀県,1972,-0.39
佐賀県,1973,0.01
佐賀県,1974,0.56
佐賀県,1975,0.68
佐賀県,1976,0.54
佐賀県,1977,0.69
佐賀県,1978,0.65
佐賀県,1979,0.77
佐賀県,1980,0.64
佐賀県,1981,0.44
佐賀県,1982,0.41
佐賀県,1983,0.39
佐賀県,1984,0.22
佐賀県,1985,0.2
佐賀県,1986,-0.02
佐賀県,1987,0.05
佐賀県,1988,-0.04
佐賀県,1989,-0.11
佐賀県,1990,-0.12
佐賀県,1991,0.01
佐賀県,1992,0.13
佐賀県,1993,0.14
佐賀県,1994,0.26
佐賀県,1995,0.19
佐賀県,1996,0
佐賀県,1997,-0.23
佐賀県,1998,-0.18
佐賀県,1999,-0.24
佐賀県,2000,-0.22
長崎県,1921,0.48
長崎県,1922,0.5
長崎県,1923,0.58
長崎県,1924,0.34
長崎県,1925,0.53
長崎県,1926,2.32
長崎県,1927,1.12
長崎県,1928,1.74
長崎県,1929,0.29
長崎県,1930,0.38
長崎県,1931,1.46
長崎県,1932,1.47
長崎県,1933,0.93
長崎県,1934,0.36
長崎県,1935,0.83
長崎県,1936,1.29
長崎県,1937,1.03
長崎県,1938,0.02
長崎県,1939,0.17
長崎県,1940,0.84
長崎県,1941,5.56
長崎県,1942,5.87
長崎県,1943,-0.57
長崎県,1944,NA
長崎県,1945,NA
長崎県,1946,NA
長崎県,1947,NA
長崎県,1948,3.81
長崎県,1949,1.96
長崎県,1950,1.5
長崎県,1951,1.7
長崎県,1952,2.14
長崎県,1953,1.08
長崎県,1954,0.63
長崎県,1955,0.52
長崎県,1956,0.6
長崎県,1957,0.04
長崎県,1958,0.54
長崎県,1959,0.37
長崎県,1960,-0.81
長崎県,1961,-1.03
長崎県,1962,-1.66
長崎県,1963,-1.22
長崎県,1964,-1.93
長崎県,1965,-1.13
長崎県,1966,-0.44
長崎県,1967,-0.43
長崎県,1968,-0.87
長崎県,1969,-0.99
長崎県,1970,-1.67
長崎県,1971,-0.66
長崎県,1972,-0.33
長崎県,1973,-0.07
長崎県,1974,0.51
長崎県,1975,0.66
長崎県,1976,0.26
長崎県,1977,0.36
長崎県,1978,0.32
長崎県,1979,0.08
長崎県,1980,0.16
長崎県,1981,0.21
長崎県,1982,0.04
長崎県,1983,0.06
長崎県,1984,-0.02
長崎県,1985,-0.07
長崎県,1986,-0.28
長崎県,1987,-0.35
長崎県,1988,-0.35
長崎県,1989,-0.53
長崎県,1990,-0.45
長崎県,1991,-0.4
長崎県,1992,-0.31
長崎県,1993,-0.13
長崎県,1994,-0.07
長崎県,1995,-0.24
長崎県,1996,-0.3
長崎県,1997,-0.44
長崎県,1998,-0.46
長崎県,1999,-0.39
長崎県,2000,-0.26
熊本県,1921,0.95
熊本県,1922,1.33
熊本県,1923,1.47
熊本県,1924,0.36
熊本県,1925,0.89
熊本県,1926,1.3
熊本県,1927,1.06
熊本県,1928,1.03
熊本県,1929,0.16
熊本県,1930,0.85
熊本県,1931,0.75
熊本県,1932,0.98
熊本県,1933,2
熊本県,1934,-0.31
熊本県,1935,-0.99
熊本県,1936,-1.56
熊本県,1937,-0.28
熊本県,1938,-0.07
熊本県,1939,-0.65
熊本県,1940,-0.99
熊本県,1941,-0.29
熊本県,1942,-0.98
熊本県,1943,2.14
熊本県,1944,NA
熊本県,1945,NA
熊本県,1946,NA
熊本県,1947,NA
熊本県,1948,1.07
熊本県,1949,1.15
熊本県,1950,1.24
熊本県,1951,0.29
熊本県,1952,0.15
熊本県,1953,0.67
熊本県,1954,1.27
熊本県,1955,1.3
熊本県,1956,0.41
熊本県,1957,-0.31
熊本県,1958,-0.55
熊本県,1959,-0.48
熊本県,1960,-1.17
熊本県,1961,-0.96
熊本県,1962,-1.16
熊本県,1963,-0.87
熊本県,1964,-1
熊本県,1965,-0.7
熊本県,1966,-0.47
熊本県,1967,-0.33
熊本県,1968,-0.83
熊本県,1969,-1
熊本県,1970,-1.42
熊本県,1971,-1.16
熊本県,1972,-0.45
熊本県,1973,0.46
熊本県,1974,0.95
熊本県,1975,1.1
熊本県,1976,0.91
熊本県,1977,0.96
熊本県,1978,0.89
熊本県,1979,0.81
熊本県,1980,0.73
熊本県,1981,0.64
熊本県,1982,0.52
熊本県,1983,0.47
熊本県,1984,0.57
熊本県,1985,0.43
熊本県,1986,0.13
熊本県,1987,0.13
熊本県,1988,-0.01
熊本県,1989,-0.07
熊本県,1990,-0.04
熊本県,1991,0.18
熊本県,1992,0.15
熊本県,1993,0.19
熊本県,1994,0.28
熊本県,1995,0.26
熊本県,1996,0.06
熊本県,1997,0.03
熊本県,1998,0.01
熊本県,1999,-0.05
熊本県,2000,-0.08
大分県,1921,1.04
大分県,1922,1.18
大分県,1923,1.77
大分県,1924,0.83
大分県,1925,1.4
大分県,1926,1.33
大分県,1927,0.59
大分県,1928,0.71
大分県,1929,0.12
大分県,1930,0.56
大分県,1931,1.28
大分県,1932,0.85
大分県,1933,0.54
大分県,1934,0.2
大分県,1935,0.76
大分県,1936,-0.72
大分県,1937,-1.04
大分県,1938,0.04
大分県,1939,-0.44
大分県,1940,-0.71
大分県,1941,0.62
大分県,1942,0.65
大分県,1943,1.48
大分県,1944,NA
大分県,1945,NA
大分県,1946,NA
大分県,1947,NA
大分県,1948,2.51
大分県,1949,-0.53
大分県,1950,-0.39
大分県,1951,0.04
大分県,1952,-0.13
大分県,1953,0.37
大分県,1954,0.8
大分県,1955,0.85
大分県,1956,-0.07
大分県,1957,-0.72
大分県,1958,-0.73
大分県,1959,-0.49
大分県,1960,-0.96
大分県,1961,-0.79
大分県,1962,-1.05
大分県,1963,-0.65
大分県,1964,-0.95
大分県,1965,-0.84
大分県,1966,-0.91
大分県,1967,-0.49
大分県,1968,-0.57
大分県,1969,-0.56
大分県,1970,-0.18
大分県,1971,0.68
大分県,1972,0.3
大分県,1973,0.34
大分県,1974,0.72
大分県,1975,0.93
大分県,1976,0.77
大分県,1977,0.63
大分県,1978,0.64
大分県,1979,0.71
大分県,1980,0.45
大分県,1981,0.44
大分県,1982,0.39
大分県,1983,0.34
大分県,1984,0.37
大分県,1985,0.19
大分県,1986,-0.11
大分県,1987,-0.17
大分県,1988,-0.26
大分県,1989,-0.28
大分県,1990,-0.25
大分県,1991,-0.16
大分県,1992,-0.17
大分県,1993,-0.15
大分県,1994,0.03
大分県,1995,-0.02
大分県,1996,-0.12
大分県,1997,-0.13
大分県,1998,-0.16
大分県,1999,-0.18
大分県,2000,-0.23
宮崎県,1921,1.04
宮崎県,1922,1.26
宮崎県,1923,1.58
宮崎県,1924,0.71
宮崎県,1925,1.41
宮崎県,1926,1.77
宮崎県,1927,1.71
宮崎県,1928,1.71
宮崎県,1929,1.83
宮崎県,1930,2.65
宮崎県,1931,1.9
宮崎県,1932,1.6
宮崎県,1933,1.6
宮崎県,1934,1.43
宮崎県,1935,1.62
宮崎県,1936,-0.55
宮崎県,1937,0.35
宮崎県,1938,0.3
宮崎県,1939,-0.19
宮崎県,1940,-0.07
宮崎県,1941,1.01
宮崎県,1942,0.81
宮崎県,1943,0.64
宮崎県,1944,NA
宮崎県,1945,NA
宮崎県,1946,NA
宮崎県,1947,NA
宮崎県,1948,1.41
宮崎県,1949,2.8
宮崎県,1950,2.07
宮崎県,1951,0.43
宮崎県,1952,0.67
宮崎県,1953,0.83
宮崎県,1954,1.19
宮崎県,1955,1.21
宮崎県,1956,0.64
宮崎県,1957,-0.3
宮崎県,1958,-0.1
宮崎県,1959,-0.09
宮崎県,1960,-0.57
宮崎県,1961,-0.7
宮崎県,1962,-1.14
宮崎県,1963,-1.13
宮崎県,1964,-1.08
宮崎県,1965,-0.79
宮崎県,1966,-0.29
宮崎県,1967,-0.26
宮崎県,1968,-0.56
宮崎県,1969,-0.66
宮崎県,1970,-1
宮崎県,1971,-0.45
宮崎県,1972,0.22
宮崎県,1973,0.79
宮崎県,1974,1.38
宮崎県,1975,1.26
宮崎県,1976,1.34
宮崎県,1977,1.33
宮崎県,1978,1.12
宮崎県,1979,1.23
宮崎県,1980,0.97
宮崎県,1981,0.59
宮崎県,1982,0.63
宮崎県,1983,0.35
宮崎県,1984,0.28
宮崎県,1985,0.21
宮崎県,1986,-0.1
宮崎県,1987,-0.03
宮崎県,1988,-0.07
宮崎県,1989,-0.12
宮崎県,1990,-0.23
宮崎県,1991,-0.15
宮崎県,1992,0.02
宮崎県,1993,0.27
宮崎県,1994,0.3
宮崎県,1995,0.15
宮崎県,1996,0.07
宮崎県,1997,-0.13
宮崎県,1998,-0.16
宮崎県,1999,-0.09
宮崎県,2000,-0.18
鹿児島県,1921,0.78
鹿児島県,1922,0.71
鹿児島県,1923,1.1
鹿児島県,1924,0.59
鹿児島県,1925,0.76
鹿児島県,1926,0.95
鹿児島県,1927,1.08
鹿児島県,1928,0.98
鹿児島県,1929,1.26
鹿児島県,1930,1.34
鹿児島県,1931,0.76
鹿児島県,1932,0.46
鹿児島県,1933,0.27
鹿児島県,1934,-0.03
鹿児島県,1935,0.75
鹿児島県,1936,-0.24
鹿児島県,1937,-0.82
鹿児島県,1938,-1.34
鹿児島県,1939,-0.59
鹿児島県,1940,0.64
鹿児島県,1941,0.52
鹿児島県,1942,0.47
鹿児島県,1943,1.4
鹿児島県,1944,NA
鹿児島県,1945,NA
鹿児島県,1946,NA
鹿児島県,1947,NA
鹿児島県,1948,1.94
鹿児島県,1949,1.37
鹿児島県,1950,-0.02
鹿児島県,1951,-0.55
鹿児島県,1952,0.28
鹿児島県,1953,0.12
鹿児島県,1954,12.28
鹿児島県,1955,1.06
鹿児島県,1956,-0.18
鹿児島県,1957,-1.22
鹿児島県,1958,-0.61
鹿児島県,1959,-0.8
鹿児島県,1960,-1.21
鹿児島県,1961,-1.04
鹿児島県,1962,-1.48
鹿児島県,1963,-0.97
鹿児島県,1964,-1.01
鹿児島県,1965,-1.21
鹿児島県,1966,-0.97
鹿児島県,1967,-0.92
鹿児島県,1968,-1.46
鹿児島県,1969,-1.67
鹿児島県,1970,-1.88
鹿児島県,1971,-1.13
鹿児島県,1972,-0.27
鹿児島県,1973,0.2
鹿児島県,1974,0.34
鹿児島県,1975,0.57
鹿児島県,1976,0.64
鹿児島県,1977,0.7
鹿児島県,1978,0.72
鹿児島県,1979,0.77
鹿児島県,1980,0.65
鹿児島県,1981,0.53
鹿児島県,1982,0.4
鹿児島県,1983,0.3
鹿児島県,1984,0.37
鹿児島県,1985,0.32
鹿児島県,1986,-0.16
鹿児島県,1987,-0.03
鹿児島県,1988,-0.24
鹿児島県,1989,-0.34
鹿児島県,1990,-0.42
鹿児島県,1991,-0.28
鹿児島県,1992,-0.23
鹿児島県,1993,-0.02
鹿児島県,1994,0.13
鹿児島県,1995,0.19
鹿児島県,1996,-0.06
鹿児島県,1997,-0.06
鹿児島県,1998,-0.1
鹿児島県,1999,-0.15
鹿児島県,2000,-0.08
沖縄県,1921,-0.12
沖縄県,1922,-0.05
沖縄県,1923,-0.28
沖縄県,1924,-0.9
沖縄県,1925,-1.11
沖縄県,1926,0.7
沖縄県,1927,0.69
沖縄県,1928,0.69
沖縄県,1929,0.39
沖縄県,1930,1.05
沖縄県,1931,0.19
沖縄県,1932,0.38
沖縄県,1933,0.53
沖縄県,1934,0.62
沖縄県,1935,0.85
沖縄県,1936,-0.45
沖縄県,1937,-1.61
沖縄県,1938,-1.43
沖縄県,1939,-0.47
沖縄県,1940,-0.53
沖縄県,1941,0.24
沖縄県,1942,1.24
沖縄県,1943,2.05
沖縄県,1944,NA
沖縄県,1945,NA
沖縄県,1946,NA
沖縄県,1947,NA
沖縄県,1948,NA
沖縄県,1949,NA
沖縄県,1950,NA
沖縄県,1951,NA
沖縄県,1952,NA
沖縄県,1953,NA
沖縄県,1954,NA
沖縄県,1955,NA
沖縄県,1956,NA
沖縄県,1957,NA
沖縄県,1958,NA
沖縄県,1959,NA
沖縄県,1960,NA
沖縄県,1961,NA
沖縄県,1962,NA
沖縄県,1963,NA
沖縄県,1964,NA
沖縄県,1965,NA
沖縄県,1966,NA
沖縄県,1967,NA
沖縄県,1968,NA
沖縄県,1969,NA
沖縄県,1970,NA
沖縄県,1971,NA
沖縄県,1972,NA
沖縄県,1973,2.59
沖縄県,1974,2.62
沖縄県,1975,2.11
沖縄県,1976,1.49
沖縄県,1977,1.21
沖縄県,1978,0.92
沖縄県,1979,1.19
沖縄県,1980,1.18
沖縄県,1981,1.08
沖縄県,1982,1.18
沖縄県,1983,1.27
沖縄県,1984,1.34
沖縄県,1985,1.52
沖縄県,1986,0.8
沖縄県,1987,0.86
沖縄県,1988,0.79
沖縄県,1989,0.6
沖縄県,1990,0.57
沖縄県,1991,0.64
沖縄県,1992,0.73
沖縄県,1993,0.85
沖縄県,1994,0.99
沖縄県,1995,0.9
沖縄県,1996,0.65
沖縄県,1997,0.59
沖縄県,1998,0.69
沖縄県,1999,0.74
沖縄県,2000,0.81
北海道,2001,-0.05
北海道,2002,-0.14
北海道,2003,-0.17
北海道,2004,-0.23
北海道,2005,-0.39
北海道,2006,-0.4
北海道,2007,-0.47
北海道,2008,-0.55
北海道,2009,-0.44
北海道,2010,-0.31
北海道,2011,-0.33
北海道,2012,-0.43
北海道,2013,-0.49
北海道,2014,-0.52
北海道,2015,-0.53
青森県,2001,-0.18
青森県,2002,-0.41
青森県,2003,-0.56
青森県,2004,-0.71
青森県,2005,-0.81
青森県,2006,-0.9
青森県,2007,-1.01
青森県,2008,-0.99
青森県,2009,-0.85
青森県,2010,-0.73
青森県,2011,-0.74
青森県,2012,-0.94
青森県,2013,-1.01
青森県,2014,-1.05
青森県,2015,-1.09
岩手県,2001,-0.2
岩手県,2002,-0.42
岩手県,2003,-0.42
岩手県,2004,-0.49
岩手県,2005,-0.68
岩手県,2006,-0.73
岩手県,2007,-0.79
岩手県,2008,-0.89
岩手県,2009,-0.87
岩手県,2010,-0.74
岩手県,2011,-1.16
岩手県,2012,-0.68
岩手県,2013,-0.56
岩手県,2014,-0.68
岩手県,2015,-0.78
宮城県,2001,0.17
宮城県,2002,-0.02
宮城県,2003,0.01
宮城県,2004,-0.11
宮城県,2005,-0.26
宮城県,2006,-0.11
宮城県,2007,-0.18
宮城県,2008,-0.18
宮城県,2009,-0.07
宮城県,2010,0.02
宮城県,2011,-0.93
宮城県,2012,0.11
宮城県,2013,0.19
宮城県,2014,0.07
宮城県,2015,-0.04
秋田県,2001,-0.51
秋田県,2002,-0.69
秋田県,2003,-0.81
秋田県,2004,-0.79
秋田県,2005,-0.93
秋田県,2006,-1
秋田県,2007,-1.14
秋田県,2008,-1.12
秋田県,2009,-1.08
秋田県,2010,-0.97
秋田県,2011,-1.03
秋田県,2012,-1.13
秋田県,2013,-1.18
秋田県,2014,-1.27
秋田県,2015,-1.33
山形県,2001,-0.27
山形県,2002,-0.42
山形県,2003,-0.43
山形県,2004,-0.53
山形県,2005,-0.62
山形県,2006,-0.72
山形県,2007,-0.77
山形県,2008,-0.86
山形県,2009,-0.82
山形県,2010,-0.79
山形県,2011,-0.59
山形県,2012,-0.75
山形県,2013,-0.83
山形県,2014,-0.85
山形県,2015,-0.9
福島県,2001,-0.13
福島県,2002,-0.3
福島県,2003,-0.36
福島県,2004,-0.4
福島県,2005,-0.49
福島県,2006,-0.53
福島県,2007,-0.61
福島県,2008,-0.66
福島県,2009,-0.6
福島県,2010,-0.61
福島県,2011,-2.04
福島県,2012,-1.53
福島県,2013,-0.88
福島県,2014,-0.66
福島県,2015,-0.67
茨城県,2001,0.14
茨城県,2002,-0.11
茨城県,2003,-0.04
茨城県,2004,-0.13
茨城県,2005,-0.22
茨城県,2006,-0.04
茨城県,2007,-0.02
茨城県,2008,-0.08
茨城県,2009,-0.05
茨城県,2010,0
茨城県,2011,-0.34
茨城県,2012,-0.42
茨城県,2013,-0.34
茨城県,2014,-0.36
茨城県,2015,-0.33
栃木県,2001,0.32
栃木県,2002,0.03
栃木県,2003,0.1
栃木県,2004,0.13
栃木県,2005,0.01
栃木県,2006,-0.01
栃木県,2007,-0.01
栃木県,2008,-0.06
栃木県,2009,-0.2
栃木県,2010,-0.16
栃木県,2011,-0.38
栃木県,2012,-0.42
栃木県,2013,-0.3
栃木県,2014,-0.29
栃木県,2015,-0.29
群馬県,2001,0.22
群馬県,2002,0.02
群馬県,2003,0
群馬県,2004,-0.11
群馬県,2005,-0.16
群馬県,2006,-0.09
群馬県,2007,-0.13
群馬県,2008,-0.12
群馬県,2009,-0.18
群馬県,2010,-0.28
群馬県,2011,-0.33
群馬県,2012,-0.37
群馬県,2013,-0.39
群馬県,2014,-0.34
群馬県,2015,-0.32
埼玉県,2001,0.57
埼玉県,2002,0.33
埼玉県,2003,0.4
埼玉県,2004,0.25
埼玉県,2005,0.12
埼玉県,2006,0.35
埼玉県,2007,0.38
埼玉県,2008,0.42
埼玉県,2009,0.35
埼玉県,2010,0.46
埼玉県,2011,0.2
埼玉県,2012,0.1
埼玉県,2013,0.17
埼玉県,2014,0.26
埼玉県,2015,0.27
千葉県,2001,0.74
千葉県,2002,0.47
千葉県,2003,0.53
千葉県,2004,0.28
千葉県,2005,0.16
千葉県,2006,0.45
千葉県,2007,0.57
千葉県,2008,0.56
千葉県,2009,0.44
千葉県,2010,0.59
千葉県,2011,0.01
千葉県,2012,-0.27
千葉県,2013,0.01
千葉県,2014,0.12
千葉県,2015,0.22
東京都,2001,0.83
東京都,2002,0.87
東京都,2003,0.96
東京都,2004,0.76
東京都,2005,0.75
東京都,2006,1.01
東京都,2007,1.14
東京都,2008,0.97
東京都,2009,0.58
東京都,2010,0.85
東京都,2011,0.3
東京都,2012,0.27
東京都,2013,0.55
東京都,2014,0.69
東京都,2015,0.87
神奈川県,2001,1
神奈川県,2002,0.7
神奈川県,2003,0.76
神奈川県,2004,0.59
神奈川県,2005,0.44
神奈川県,2006,0.62
神奈川県,2007,0.75
神奈川県,2008,0.59
神奈川県,2009,0.47
神奈川県,2010,0.47
神奈川県,2011,0.13
神奈川県,2012,0.12
神奈川県,2013,0.15
神奈川県,2014,0.21
神奈川県,2015,0.26
新潟県,2001,-0.2
新潟県,2002,-0.35
新潟県,2003,-0.3
新潟県,2004,-0.4
新潟県,2005,-0.55
新潟県,2006,-0.47
新潟県,2007,-0.49
新潟県,2008,-0.5
新潟県,2009,-0.47
新潟県,2010,-0.43
新潟県,2011,-0.44
新潟県,2012,-0.58
新潟県,2013,-0.62
新潟県,2014,-0.66
新潟県,2015,-0.69
富山県,2001,-0.04
富山県,2002,-0.18
富山県,2003,-0.21
富山県,2004,-0.13
富山県,2005,-0.25
富山県,2006,-0.11
富山県,2007,-0.34
富山県,2008,-0.35
富山県,2009,-0.49
富山県,2010,-0.39
富山県,2011,-0.46
富山県,2012,-0.44
富山県,2013,-0.55
富山県,2014,-0.53
富山県,2015,-0.5
石川県,2001,0.08
石川県,2002,-0.15
石川県,2003,-0.05
石川県,2004,-0.15
石川県,2005,-0.31
石川県,2006,-0.09
石川県,2007,-0.02
石川県,2008,-0.06
石川県,2009,-0.14
石川県,2010,-0.06
石川県,2011,-0.27
石川県,2012,-0.27
石川県,2013,-0.27
石川県,2014,-0.3
石川県,2015,-0.25
福井県,2001,0.08
福井県,2002,-0.22
福井県,2003,-0.13
福井県,2004,-0.29
福井県,2005,-0.33
福井県,2006,-0.24
福井県,2007,-0.33
福井県,2008,-0.38
福井県,2009,-0.51
福井県,2010,-0.41
福井県,2011,-0.39
福井県,2012,-0.46
福井県,2013,-0.49
福井県,2014,-0.6
福井県,2015,-0.52
山梨県,2001,0.22
山梨県,2002,-0.08
山梨県,2003,-0.18
山梨県,2004,-0.17
山梨県,2005,-0.21
山梨県,2006,-0.48
山梨県,2007,-0.4
山梨県,2008,-0.7
山梨県,2009,-0.43
山梨県,2010,-0.44
山梨県,2011,-0.65
山梨県,2012,-0.6
山梨県,2013,-0.6
山梨県,2014,-0.72
山梨県,2015,-0.74
長野県,2001,0.31
長野県,2002,-0.33
長野県,2003,-0.19
長野県,2004,-0.21
長野県,2005,-0.44
長野県,2006,-0.3
長野県,2007,-0.35
長野県,2008,-0.42
長野県,2009,-0.49
長野県,2010,-0.45
長野県,2011,-0.47
長野県,2012,-0.47
長野県,2013,-0.46
長野県,2014,-0.56
長野県,2015,-0.55
岐阜県,2001,0.15
岐阜県,2002,-0.05
岐阜県,2003,0.01
岐阜県,2004,-0.1
岐阜県,2005,-0.03
岐阜県,2006,-0.11
岐阜県,2007,-0.06
岐阜県,2008,-0.18
岐阜県,2009,-0.42
岐阜県,2010,-0.5
岐阜県,2011,-0.45
岐阜県,2012,-0.44
岐阜県,2013,-0.46
岐阜県,2014,-0.48
岐阜県,2015,-0.53
静岡県,2001,0.33
静岡県,2002,0.11
静岡県,2003,0.15
静岡県,2004,0.03
静岡県,2005,0.04
静岡県,2006,0.07
静岡県,2007,0.03
静岡県,2008,-0.08
静岡県,2009,-0.27
静岡県,2010,-0.46
静岡県,2011,-0.36
静岡県,2012,-0.33
静岡県,2013,-0.25
静岡県,2014,-0.41
静岡県,2015,-0.39
愛知県,2001,0.68
愛知県,2002,0.56
愛知県,2003,0.54
愛知県,2004,0.54
愛知県,2005,0.64
愛知県,2006,0.72
愛知県,2007,0.69
愛知県,2008,0.57
愛知県,2009,0.17
愛知県,2010,-0.01
愛知県,2011,0.1
愛知県,2012,0.17
愛知県,2013,0.24
愛知県,2014,0.2
愛知県,2015,0.26
三重県,2001,0.26
三重県,2002,0.03
三重県,2003,0.09
三重県,2004,0.12
三重県,2005,0.02
三重県,2006,0.24
三重県,2007,0.09
三重県,2008,-0.11
三重県,2009,-0.37
三重県,2010,-0.51
三重県,2011,-0.4
三重県,2012,-0.37
三重県,2013,-0.38
三重県,2014,-0.42
三重県,2015,-0.54
滋賀県,2001,0.82
滋賀県,2002,0.5
滋賀県,2003,0.55
滋賀県,2004,0.47
滋賀県,2005,0.42
滋賀県,2006,0.68
滋賀県,2007,0.58
滋賀県,2008,0.49
滋賀県,2009,0.28
滋賀県,2010,0.16
滋賀県,2011,0.17
滋賀県,2012,0.07
滋賀県,2013,0.07
滋賀県,2014,-0.06
滋賀県,2015,-0.11
京都府,2001,0.17
京都府,2002,-0.03
京都府,2003,0.07
京都府,2004,0.02
京都府,2005,-0.1
京都府,2006,-0.05
京都府,2007,-0.13
京都府,2008,-0.1
京都府,2009,-0.12
京都府,2010,-0.03
京都府,2011,-0.11
京都府,2012,-0.2
京都府,2013,-0.23
京都府,2014,-0.23
京都府,2015,-0.2
大阪府,2001,0.18
大阪府,2002,0
大阪府,2003,0.04
大阪府,2004,0.01
大阪府,2005,-0.09
大阪府,2006,0.13
大阪府,2007,0.12
大阪府,2008,0.09
大阪府,2009,0.09
大阪府,2010,0.12
大阪府,2011,-0.02
大阪府,2012,-0.03
大阪府,2013,-0.05
大阪府,2014,-0.12
大阪府,2015,-0.06
兵庫県,2001,0.38
兵庫県,2002,0.15
兵庫県,2003,0.15
兵庫県,2004,0.06
兵庫県,2005,-0.02
兵庫県,2006,0.03
兵庫県,2007,0.01
兵庫県,2008,-0.01
兵庫県,2009,-0.03
兵庫県,2010,-0.04
兵庫県,2011,-0.07
兵庫県,2012,-0.16
兵庫県,2013,-0.2
兵庫県,2014,-0.25
兵庫県,2015,-0.28
奈良県,2001,-0.08
奈良県,2002,-0.34
奈良県,2003,-0.19
奈良県,2004,-0.4
奈良県,2005,-0.49
奈良県,2006,-0.31
奈良県,2007,-0.3
奈良県,2008,-0.36
奈良県,2009,-0.25
奈良県,2010,-0.22
奈良県,2011,-0.4
奈良県,2012,-0.49
奈良県,2013,-0.52
奈良県,2014,-0.6
奈良県,2015,-0.6
和歌山県,2001,-0.44
和歌山県,2002,-0.6
和歌山県,2003,-0.65
和歌山県,2004,-0.65
和歌山県,2005,-0.87
和歌山県,2006,-0.68
和歌山県,2007,-0.77
和歌山県,2008,-0.69
和歌山県,2009,-0.62
和歌山県,2010,-0.55
和歌山県,2011,-0.69
和歌山県,2012,-0.7
和歌山県,2013,-0.81
和歌山県,2014,-0.81
和歌山県,2015,-0.91
鳥取県,2001,0.01
鳥取県,2002,-0.15
鳥取県,2003,-0.18
鳥取県,2004,-0.23
鳥取県,2005,-0.48
鳥取県,2006,-0.42
鳥取県,2007,-0.63
鳥取県,2008,-0.72
鳥取県,2009,-0.7
鳥取県,2010,-0.59
鳥取県,2011,-0.42
鳥取県,2012,-0.51
鳥取県,2013,-0.59
鳥取県,2014,-0.52
鳥取県,2015,-0.58
島根県,2001,-0.15
島根県,2002,-0.57
島根県,2003,-0.49
島根県,2004,-0.67
島根県,2005,-0.68
島根県,2006,-0.66
島根県,2007,-0.64
島根県,2008,-0.73
島根県,2009,-0.83
島根県,2010,-0.52
島根県,2011,-0.63
島根県,2012,-0.69
島根県,2013,-0.6
島根県,2014,-0.7
島根県,2015,-0.64
岡山県,2001,0.18
岡山県,2002,0.08
岡山県,2003,0.11
岡山県,2004,0.03
岡山県,2005,-0.07
岡山県,2006,-0.05
岡山県,2007,-0.02
岡山県,2008,-0.13
岡山県,2009,-0.25
岡山県,2010,-0.17
岡山県,2011,-0.22
岡山県,2012,-0.21
岡山県,2013,-0.28
岡山県,2014,-0.28
岡山県,2015,-0.24
広島県,2001,0.03
広島県,2002,-0.05
広島県,2003,0.04
広島県,2004,-0.03
広島県,2005,-0.07
広島県,2006,-0.06
広島県,2007,-0.03
広島県,2008,-0.15
広島県,2009,-0.19
広島県,2010,-0.13
広島県,2011,-0.08
広島県,2012,-0.12
広島県,2013,-0.18
広島県,2014,-0.11
広島県,2015,-0.09
山口県,2001,-0.3
山口県,2002,-0.43
山口県,2003,-0.43
山口県,2004,-0.54
山口県,2005,-0.64
山口県,2006,-0.55
山口県,2007,-0.58
山口県,2008,-0.64
山口県,2009,-0.49
山口県,2010,-0.53
山口県,2011,-0.49
山口県,2012,-0.7
山口県,2013,-0.65
山口県,2014,-0.68
山口県,2015,-0.74
徳島県,2001,-0.21
徳島県,2002,-0.25
徳島県,2003,-0.33
徳島県,2004,-0.44
徳島県,2005,-0.5
徳島県,2006,-0.55
徳島県,2007,-0.65
徳島県,2008,-0.7
徳島県,2009,-0.59
徳島県,2010,-0.56
徳島県,2011,-0.71
徳島県,2012,-0.65
徳島県,2013,-0.79
徳島県,2014,-0.8
徳島県,2015,-0.89
香川県,2001,-0.1
香川県,2002,-0.23
香川県,2003,-0.15
香川県,2004,-0.23
香川県,2005,-0.33
香川県,2006,-0.32
香川県,2007,-0.33
香川県,2008,-0.31
香川県,2009,-0.34
香川県,2010,-0.35
香川県,2011,-0.41
香川県,2012,-0.31
香川県,2013,-0.39
香川県,2014,-0.47
香川県,2015,-0.41
愛媛県,2001,-0.2
愛媛県,2002,-0.35
愛媛県,2003,-0.27
愛媛県,2004,-0.43
愛媛県,2005,-0.46
愛媛県,2006,-0.5
愛媛県,2007,-0.52
愛媛県,2008,-0.52
愛媛県,2009,-0.52
愛媛県,2010,-0.44
愛媛県,2011,-0.56
愛媛県,2012,-0.59
愛媛県,2013,-0.67
愛媛県,2014,-0.68
愛媛県,2015,-0.77
高知県,2001,-0.19
高知県,2002,-0.34
高知県,2003,-0.46
高知県,2004,-0.49
高知県,2005,-0.71
高知県,2006,-0.79
高知県,2007,-0.92
高知県,2008,-0.97
高知県,2009,-0.83
高知県,2010,-0.56
高知県,2011,-0.86
高知県,2012,-0.97
高知県,2013,-0.97
高知県,2014,-1.04
高知県,2015,-0.98
福岡県,2001,0.29
福岡県,2002,0.18
福岡県,2003,0.12
福岡県,2004,0.1
福岡県,2005,0
福岡県,2006,0.14
福岡県,2007,0.08
福岡県,2008,0.02
福岡県,2009,0.03
福岡県,2010,0.16
福岡県,2011,0.18
福岡県,2012,0.16
福岡県,2013,0.13
福岡県,2014,0.07
福岡県,2015,0.05
佐賀県,2001,-0.05
佐賀県,2002,-0.28
佐賀県,2003,-0.19
佐賀県,2004,-0.28
佐賀県,2005,-0.38
佐賀県,2006,-0.4
佐賀県,2007,-0.38
佐賀県,2008,-0.38
佐賀県,2009,-0.42
佐賀県,2010,-0.35
佐賀県,2011,-0.28
佐賀県,2012,-0.32
佐賀県,2013,-0.38
佐賀県,2014,-0.48
佐賀県,2015,-0.54
長崎県,2001,-0.29
長崎県,2002,-0.5
長崎県,2003,-0.47
長崎県,2004,-0.5
長崎県,2005,-0.77
長崎県,2006,-0.76
長崎県,2007,-0.82
長崎県,2008,-0.85
長崎県,2009,-0.66
長崎県,2010,-0.48
長崎県,2011,-0.64
長崎県,2012,-0.66
長崎県,2013,-0.77
長崎県,2014,-0.72
長崎県,2015,-0.73
熊本県,2001,0.02
熊本県,2002,-0.16
熊本県,2003,-0.23
熊本県,2004,-0.21
熊本県,2005,-0.34
熊本県,2006,-0.22
熊本県,2007,-0.36
熊本県,2008,-0.28
熊本県,2009,-0.3
熊本県,2010,-0.19
熊本県,2011,-0.26
熊本県,2012,-0.3
熊本県,2013,-0.32
熊本県,2014,-0.38
熊本県,2015,-0.47
大分県,2001,-0.06
大分県,2002,-0.11
大分県,2003,-0.18
大分県,2004,-0.22
大分県,2005,-0.37
大分県,2006,-0.21
大分県,2007,-0.1
大分県,2008,-0.12
大分県,2009,-0.34
大分県,2010,-0.31
大分県,2011,-0.39
大分県,2012,-0.46
大分県,2013,-0.55
大分県,2014,-0.59
大分県,2015,-0.56
宮崎県,2001,-0.18
宮崎県,2002,-0.25
宮崎県,2003,-0.24
宮崎県,2004,-0.29
宮崎県,2005,-0.5
宮崎県,2006,-0.3
宮崎県,2007,-0.34
宮崎県,2008,-0.43
宮崎県,2009,-0.28
宮崎県,2010,-0.21
宮崎県,2011,-0.42
宮崎県,2012,-0.47
宮崎県,2013,-0.55
宮崎県,2014,-0.61
宮崎県,2015,-0.73
鹿児島県,2001,-0.26
鹿児島県,2002,-0.31
鹿児島県,2003,-0.34
鹿児島県,2004,-0.4
鹿児島県,2005,-0.56
鹿児島県,2006,-0.52
鹿児島県,2007,-0.65
鹿児島県,2008,-0.69
鹿児島県,2009,-0.5
鹿児島県,2010,-0.34
鹿児島県,2011,-0.53
鹿児島県,2012,-0.62
鹿児島県,2013,-0.68
鹿児島県,2014,-0.8
鹿児島県,2015,-0.82
沖縄県,2001,0.68
沖縄県,2002,0.66
沖縄県,2003,0.66
沖縄県,2004,0.64
沖縄県,2005,0.61
沖縄県,2006,0.55
沖縄県,2007,0.4
沖縄県,2008,0.25
沖縄県,2009,0.5
沖縄県,2010,0.58
沖縄県,2011,0.68
沖縄県,2012,0.65
沖縄県,2013,0.52
沖縄県,2014,0.49
沖縄県,2015,0.56
北海道,2016,-0.51
北海道,2017,-0.55
北海道,2018,-0.6
北海道,2019,-0.64
北海道,2020,-0.66
青森県,2016,-1
青森県,2017,-1.03
青森県,2018,-1.1
青森県,2019,-1.19
青森県,2020,-1.16
岩手県,2016,-0.92
岩手県,2017,-1.06
岩手県,2018,-1.15
岩手県,2019,-1.16
岩手県,2020,-1.23
宮城県,2016,-0.09
宮城県,2017,-0.23
宮城県,2018,-0.28
宮城県,2019,-0.35
宮城県,2020,-0.42
秋田県,2016,-1.15
秋田県,2017,-1.26
秋田県,2018,-1.33
秋田県,2019,-1.34
秋田県,2020,-1.3
山形県,2016,-0.91
山形県,2017,-0.98
山形県,2018,-0.99
山形県,2019,-1.11
山形県,2020,-1.09
福島県,2016,-0.6
福島県,2017,-0.88
福島県,2018,-0.9
福島県,2019,-0.91
福島県,2020,-1.01
茨城県,2016,-0.25
茨城県,2017,-0.26
茨城県,2018,-0.36
茨城県,2019,-0.44
茨城県,2020,-0.42
栃木県,2016,-0.29
栃木県,2017,-0.34
栃木県,2018,-0.44
栃木県,2019,-0.51
栃木県,2020,-0.52
群馬県,2016,-0.2
群馬県,2017,-0.29
群馬県,2018,-0.32
群馬県,2019,-0.43
群馬県,2020,-0.5
埼玉県,2016,0.3
埼玉県,2017,0.26
埼玉県,2018,0.25
埼玉県,2019,0.23
埼玉県,2020,0.04
千葉県,2016,0.31
千葉県,2017,0.25
千葉県,2018,0.24
千葉県,2019,0.16
千葉県,2020,0.03
東京都,2016,0.97
東京都,2017,0.89
東京都,2018,0.87
東京都,2019,0.86
東京都,2020,0.29
神奈川県,2016,0.28
神奈川県,2017,0.23
神奈川県,2018,0.26
神奈川県,2019,0.3
神奈川県,2020,0.14
新潟県,2016,-0.78
新潟県,2017,-0.84
新潟県,2018,-0.91
新潟県,2019,-1
新潟県,2020,-1.02
富山県,2016,-0.47
富山県,2017,-0.5
富山県,2018,-0.53
富山県,2019,-0.68
富山県,2020,-0.81
石川県,2016,-0.23
石川県,2017,-0.25
石川県,2018,-0.32
石川県,2019,-0.48
石川県,2020,-0.6
福井県,2016,-0.43
福井県,2017,-0.37
福井県,2018,-0.48
福井県,2019,-0.68
福井県,2020,-0.59
山梨県,2016,-0.49
山梨県,2017,-0.64
山梨県,2018,-0.58
山梨県,2019,-0.68
山梨県,2020,-0.63
長野県,2016,-0.36
長野県,2017,-0.43
長野県,2018,-0.46
長野県,2019,-0.56
長野県,2020,-0.63
岐阜県,2016,-0.41
岐阜県,2017,-0.59
岐阜県,2018,-0.51
岐阜県,2019,-0.45
岐阜県,2020,-0.69
静岡県,2016,-0.27
静岡県,2017,-0.26
静岡県,2018,-0.38
静岡県,2019,-0.37
静岡県,2020,-0.54
愛知県,2016,0.34
愛知県,2017,0.26
愛知県,2018,0.17
愛知県,2019,0.21
愛知県,2020,-0.19
三重県,2016,-0.38
三重県,2017,-0.45
三重県,2018,-0.44
三重県,2019,-0.57
三重県,2020,-0.69
滋賀県,2016,0.04
滋賀県,2017,0.03
滋賀県,2018,0.03
滋賀県,2019,0.13
滋賀県,2020,-0.17
京都府,2016,-0.1
京都府,2017,-0.15
京都府,2018,-0.24
京都府,2019,-0.23
京都府,2020,-0.52
大阪府,2016,0.02
大阪府,2017,-0.01
大阪府,2018,-0.03
大阪府,2019,0.04
大阪府,2020,-0.05
兵庫県,2016,-0.16
兵庫県,2017,-0.2
兵庫県,2018,-0.25
兵庫県,2019,-0.25
兵庫県,2020,-0.41
奈良県,2016,-0.52
奈良県,2017,-0.58
奈良県,2018,-0.58
奈良県,2019,-0.62
奈良県,2020,-0.65
和歌山県,2016,-0.82
和歌山県,2017,-0.78
和歌山県,2018,-0.91
和歌山県,2019,-0.88
和歌山県,2020,-0.93
鳥取県,2016,-0.59
鳥取県,2017,-0.69
鳥取県,2018,-0.76
鳥取県,2019,-0.79
鳥取県,2020,-0.71
島根県,2016,-0.52
島根県,2017,-0.61
島根県,2018,-0.6
島根県,2019,-0.73
島根県,2020,-0.93
岡山県,2016,-0.25
岡山県,2017,-0.29
岡山県,2018,-0.39
岡山県,2019,-0.36
岡山県,2020,-0.44
広島県,2016,-0.15
広島県,2017,-0.23
広島県,2018,-0.34
広島県,2019,-0.4
広島県,2020,-0.46
山口県,2016,-0.76
山口県,2017,-0.85
山口県,2018,-0.94
山口県,2019,-0.93
山口県,2020,-1.07
徳島県,2016,-0.72
徳島県,2017,-0.91
徳島県,2018,-1
徳島県,2019,-1.13
徳島県,2020,-1.13
香川県,2016,-0.37
香川県,2017,-0.44
香川県,2018,-0.53
香川県,2019,-0.57
香川県,2020,-0.78
愛媛県,2016,-0.6
愛媛県,2017,-0.65
愛媛県,2018,-0.78
愛媛県,2019,-0.81
愛媛県,2020,-0.85
高知県,2016,-0.95
高知県,2017,-0.96
高知県,2018,-1.02
高知県,2019,-1.11
高知県,2020,-1.11
福岡県,2016,0.22
福岡県,2017,0.2
福岡県,2018,0.16
福岡県,2019,0.06
福岡県,2020,0.02
佐賀県,2016,-0.47
佐賀県,2017,-0.49
佐賀県,2018,-0.5
佐賀県,2019,-0.51
佐賀県,2020,-0.63
長崎県,2016,-0.73
長崎県,2017,-0.92
長崎県,2018,-0.99
長崎県,2019,-1.06
長崎県,2020,-1.11
熊本県,2016,-0.63
熊本県,2017,-0.46
熊本県,2018,-0.45
熊本県,2019,-0.52
熊本県,2020,-0.64
大分県,2016,-0.58
大分県,2017,-0.66
大分県,2018,-0.78
大分県,2019,-0.74
大分県,2020,-0.94
宮崎県,2016,-0.61
宮崎県,2017,-0.58
宮崎県,2018,-0.66
宮崎県,2019,-0.61
宮崎県,2020,-0.7
鹿児島県,2016,-0.65
鹿児島県,2017,-0.7
鹿児島県,2018,-0.71
鹿児島県,2019,-0.77
鹿児島県,2020,-0.85
沖縄県,2016,0.56
沖縄県,2017,0.41
沖縄県,2018,0.45
沖縄県,2019,0.51
沖縄県,2020,0.41
北海道,2024,-0.97
青森県,2024,-1.66
岩手県,2024,-1.57
宮城県,2024,-0.73
秋田県,2024,-1.87
山形県,2024,-1.49
福島県,2024,-1.35
茨城県,2024,-0.64
栃木県,2024,-0.66
群馬県,2024,-0.62
埼玉県,2024,0.01
千葉県,2024,-0.08
東京都,2024,0.66
神奈川県,2024,-0.05
新潟県,2024,-1.29
富山県,2024,-1
石川県,2024,-1
福井県,2024,-0.77
山梨県,2024,-0.63
長野県,2024,-0.84
岐阜県,2024,-0.81
静岡県,2024,-0.8
愛知県,2024,-0.23
三重県,2024,-0.94
滋賀県,2024,-0.32
京都府,2024,-0.6
大阪府,2024,-0.07
兵庫県,2024,-0.61
奈良県,2024,-0.8
和歌山県,2024,-1.34
鳥取県,2024,-1.16
島根県,2024,-1.16
岡山県,2024,-0.84
広島県,2024,-0.86
山口県,2024,-1.26
徳島県,2024,-1.36
香川県,2024,-0.93
愛媛県,2024,-1.22
高知県,2024,-1.56
福岡県,2024,-0.21
佐賀県,2024,-0.82
長崎県,2024,-1.21
熊本県,2024,-0.69
大分県,2024,-1
宮崎県,2024,-0.89
鹿児島県,2024,-1.1
沖縄県,2024,-0.11
北海道,2023,-0.93
青森県,2023,-1.66
岩手県,2023,-1.47
宮城県,2023,-0.68
秋田県,2023,-1.75
山形県,2023,-1.42
福島県,2023,-1.31
茨城県,2023,-0.53
栃木県,2023,-0.6
群馬県,2023,-0.6
埼玉県,2023,-0.08
千葉県,2023,-0.15
東京都,2023,0.34
神奈川県,2023,-0.04
新潟県,2023,-1.22
富山県,2023,-0.96
石川県,2023,-0.78
福井県,2023,-1.12
山梨県,2023,-0.75
長野県,2023,-0.8
岐阜県,2023,-0.75
静岡県,2023,-0.75
愛知県,2023,-0.25
三重県,2023,-0.88
滋賀県,2023,-0.16
京都府,2023,-0.57
大阪府,2023,-0.22
兵庫県,2023,-0.6
奈良県,2023,-0.79
和歌山県,2023,-1.27
鳥取県,2023,-1.14
島根県,2023,-1.27
岡山県,2023,-0.84
広島県,2023,-0.78
山口県,2023,-1.21
徳島県,2023,-1.27
香川県,2023,-0.91
愛媛県,2023,-1.16
高知県,2023,-1.37
福岡県,2023,-0.26
佐賀県,2023,-0.74
長崎県,2023,-1.25
熊本県,2023,-0.55
大分県,2023,-0.95
宮崎県,2023,-0.96
鹿児島県,2023,-0.89
沖縄県,2023,-0.02
北海道,2022,-0.82
青森県,2022,-1.39
岩手県,2022,-1.32
宮城県,2022,-0.44
秋田県,2022,-1.59
山形県,2022,-1.31
福島県,2022,-1.2
茨城県,2022,-0.43
栃木県,2022,-0.65
群馬県,2022,-0.69
埼玉県,2022,-0.05
千葉県,2022,-0.15
東京都,2022,0.2
神奈川県,2022,-0.04
新潟県,2022,-1.12
富山県,2022,-0.87
石川県,2022,-0.67
福井県,2022,-1
山梨県,2022,-0.43
長野県,2022,-0.65
岐阜県,2022,-0.77
静岡県,2022,-0.7
愛知県,2022,-0.29
三重県,2022,-0.77
滋賀県,2022,-0.11
京都府,2022,-0.45
大阪府,2022,-0.27
兵庫県,2022,-0.55
奈良県,2022,-0.72
和歌山県,2022,-1.13
鳥取県,2022,-0.91
島根県,2022,-1.05
岡山県,2022,-0.74
広島県,2022,-0.72
山口県,2022,-1.06
徳島県,2022,-1.14
香川県,2022,-0.87
愛媛県,2022,-1.09
高知県,2022,-1.22
福岡県,2022,-0.15
佐賀県,2022,-0.64
長崎県,2022,-1.06
熊本県,2022,-0.57
大分県,2022,-0.68
宮崎県,2022,-0.84
鹿児島県,2022,-0.87
沖縄県,2022,-0.01
北海道,2022,-0.9
青森県,2022,-1.1
岩手県,2022,-1
宮城県,2022,-0.6
秋田県,2022,-1.3
山形県,2022,-1
福島県,2022,-0.9
茨城県,2022,-0.7
栃木県,2022,-0.7
群馬県,2022,-0.7
埼玉県,2022,-0.5
千葉県,2022,-0.5
神奈川県,2022,-0.4
新潟県,2022,-0.9
富山県,2022,-0.8
石川県,2022,-0.6
福井県,2022,-0.7
山梨県,2022,-0.7
長野県,2022,-0.7
岐阜県,2022,-0.7
静岡県,2022,-0.7
愛知県,2022,-0.4
三重県,2022,-0.7
滋賀県,2022,-0.3
京都府,2022,-0.6
大阪府,2022,-0.5
兵庫県,2022,-0.6
奈良県,2022,-0.7
和歌山県,2022,-1
鳥取県,2022,-0.8
島根県,2022,-0.9
岡山県,2022,-0.6
広島県,2022,-0.6
山口県,2022,-1
徳島県,2022,-0.9
香川県,2022,-0.8
愛媛県,2022,-0.9
高知県,2022,-1.1
福岡県,2022,-0.5
佐賀県,2022,-0.6
長崎県,2022,-0.8
熊本県,2022,-0.7
大分県,2022,-0.8
宮崎県,2022,-0.8
鹿児島県,2022,-0.8
沖縄県,2022,-0.1
北海道,2021,-0.8
青森県,2021,-1.35
岩手県,2021,-1.16
宮城県,2021,-0.51
秋田県,2021,-1.52
山形県,2021,-1.23
福島県,2021,-1.16
茨城県,2021,-0.53
栃木県,2021,-0.61
群馬県,2021,-0.65
埼玉県,2021,-0.06
千葉県,2021,-0.15
東京都,2021,-0.27
神奈川県,2021,-0.01
新潟県,2021,-1.1
富山県,2021,-0.91
石川県,2021,-0.65
福井県,2021,-0.84
山梨県,2021,-0.57
長野県,2021,-0.72
岐阜県,2021,-0.9
静岡県,2021,-0.7
愛知県,2021,-0.34
三重県,2021,-0.82
滋賀県,2021,-0.22
京都府,2021,-0.65
大阪府,2021,-0.36
兵庫県,2021,-0.6
奈良県,2021,-0.69
和歌山県,2021,-0.97
鳥取県,2021,-0.86
島根県,2021,-0.93
岡山県,2021,-0.64
広島県,2021,-0.72
山口県,2021,-1.08
徳島県,2021,-1.05
香川県,2021,-0.84
愛媛県,2021,-1.04
高知県,2021,-1.08
福岡県,2021,-0.22
佐賀県,2021,-0.67
長崎県,2021,-1.18
熊本県,2021,-0.58
大分県,2021,-0.84
宮崎県,2021,-0.78
鹿児島県,2021,-0.75
沖縄県,2021,0.07
