"","d"
"1","Alienum est omne, quicquid optando evenit."
"2","Ab alio expectes, alteri quod feceris."
"3","Animus vereri qui scit, scit tuta ingredi."
"4","Auxilia humilia firma consensus facit."
"5","Amor animi arbitrio sumitur, non ponitur."
"6","Aut amat aut odit mulier, nil est tertium."
"7","Ad tristem partem strenua est suspicio."
"8","Ames parentem, si aequus est: si aliter, feras."
"9","Aspicere oportet, quidquid possis perdere."
"10","Amici vitia si feras, facias tua."
"11","Alienum aes homini ingenuo acerba est servitus."
"12","Absentem laedit, cum ebrio qui litigat."
"13","Amans iratus muta mentitur sibi."
"14","Avarus ipse miseriae causa est suae."
"15","Amans quid cupiat scit, quid sapiat non vidit."
"16","Amans quod suspicatur, vigilans somniat."
"17","Ad calamitatem quilibet rumor valet."
"18","Amor extorqueri non pote, elabi pote."
"19","Ab amante lacrimis redimas iracundiam."
"20","Aperte mala cum est mulier, tum demum est bona."
"21","Avarum facile capias, ubi non sis item."
"22","Amare et sapere vix deo conceditur."
"23","Avarus nisi cum moritur, nil recte facit."
"24","Astus cinaedum celat, aetas indicat."
"25","Avarus damno potius quam sapiens dolet."
"26","Avaro quid mali optes nisi Vivat diu?"
"27","Animo dolenti nil oportet credere."
"28","Aliena nobis, nostra plus aliis placent."
"29","Amare iuveni fructus est, crimen seni."
"30","Anus cum ludit, morti delicias facit."
"31","Amoris vulnus idem, qui sanat, facit."
"32","Ad paenitendum properat cito qui iudicat."
"33","Aleator quanto in arte est melior, tanto est nequior."
"34","Amor otiosae causa sollicitudinis."
"35","Avidum esse oportet neminem, minime senem."
"36","Animo virum pudicae, non oculo eligunt."
"37","Amantium ira amoris integratio est."
"38","Amantis ius iurandum poenam non habet."
"39","Amans, sicut fax, agitando ardescit magis."
"40","Amor, ut lacrima, ab oculo oritur, in pectus cadit."
"41","Animo imperabit sapiens, stultus serviet."
"42","Amicum an nomen habeas, aperit calamitas."
"43","Amori finem tempus, non animus facit."
"44","Bis est gratum quod opus est, ultro si offeras."
"45","Bonarum rerum consuetudo pessima est."
"46","Beneficium qui dare nescit, iniuste petit."
"47","Bonum est fugienda aspicere in alieno malo."
"48","Beneficium accipere libertatem est vendere."
"49","Bona nemini hora est, ut non alicui sit mala."
"50","Bis emori est alterius arbitrio mori."
"51","Beneficia plura recipit, qui scit reddere."
"52","Bis peceas, cum peccanti obsequium accommodas."
"53","Bonus animus laesus gravius multo irascitur."
"54","Bona mors est homini, vitae quae extinguit mala."
"55","Beneficium dando accepit, qui digno dedit."
"56","Blanditia, non imperio, fit dulcis Venus."
"57","Bonus animus numquam erranti obsequium adcommodat."
"58","Beneficium qui dedisse se dicit, petit."
"59","Benivoli coniunctio animio maxima est cognatio."
"60","Beneficium saepe dare docere est reddere."
"61","Bonitatis verba imitari maior malitia est."
"62","Bona opinio bominum tutior pecunia est."
"63","Bonum quod est subprimitur, numquam extinguitur."
"64","Bis vincit qui se vincit in victoria."
"65","Benignus etiam causam dandi cogitat."
"66","Bis interimitur, qui suis armis perit."
"67","Bene dormit, qui non sentit quam male dormiat."
"68","Bonorum crimen officiosus est miser."
"69","Bona fama in tenebris proprium splendorem optinet."
"70","Bene cogitata si excidunt, non occidunt."
"71","Bene perdit nummos, iudici cum dat nocens."
"72","Bona quae veniunt, ni sustineantur, opprimunt."
"73","Bona semperimperante animo pecunia est."
"74","Bonum ad virum cito moritur iracundia."
"75","Brevissima ipsa est memoria iracundiae."
"76","Bona turpitudo est, quae periclum vindicat."
"77","Bona comparat praesidia misericordia."
"78","Beneficium dignis ubi des, omnes obliges."
"79","Brevis ipsa vita, sed malis fit longior."
"80","Boneficia donari aut mali aut stulti putant."
"81","Bene perdas gaudium, ubi dolor pariter perit."
"82","Bene vixit is, qui potuit, cum voluit mori."
"83","(Bene audire alterum patrimonium est.)"
"84","(Boni est viri, etiam in morte nullum fallere.)"
"85","Consueta vitia ferimus, non reprendimus."
"86","Crudelis in re adversa est obiurgatio."
"87","Cavendi nulla est dimittenda occasio."
"88","Cui semper dederis, ubi neges, rapere imperes."
"89","Crudelem medicum intemperans aeger facit."
"90","Cuius mortem amici expectant, vitam cives oderunt."
"91","Cum inimico nemo in gratiam tuto redit."
"92","Citius venit periclum cum contemnitur."
"93","Casta ad virum matrona parendo imperat."
"94","Cito ignominia fit superbi gloria."
"95","Consilio melius vincas quam iracundia."
"96","Cuiuis dolori remedium est patientia."
"97","Cotidie damnatur, qui semper timet."
"98","Cum vitia prosunt, peccat qui recte facit."
"99","Contumeliam nee fortis pote nec ingenuus pati."
"100","Conscientia animi nullas invenit linguae preces."
"101","Cito improborum laeta ad perniciem cadunt."
"102","(Contemni est gravius quam stultitiae percuti.)"
"103","Cotidie est deterior posterior dies."
"104","Comes facundus in via pro vehiculo est."
"105","Crimen relinquit vitae, qui mortem appetit."
"106","Cui plus licet quam par est, plus vult quam licet."
"107","Contra inpudentem stulta est nimia ingenuitas."
"108","Cogas amantem irasci, amari si velis."
"109","Crudelis est non fortis, qui infantem necat."
"110","Consiliis indoctiorum multi se docti explicant."
"111","Cave quicquam incipias, quod paeniteat postea."
"112","Cui omnes benedicunt, possidet populi bona."
"113","Cui nolis saepe irasci, irascaris semel."
"114","Crudelis lacrimis pascitur, non frangitur."
"115","Caeci sunt oculi, cum animus alias res agit."
"116","Caret periclo, qui etiam cum est tutus cavet."
"117","Cum ames non sapias, aut cum sapias non ames."
"118","Cicatrix conscientiae pro vulnere est."
"119","Cuivis potest accidere, quod cuiquam potest."
"120","0Cave amicum credas, nisi si quem probaveris."
"121","Contra felicem vix deus vires habet."
"122","Cum das avaro praemium, ut noceat rogas."
"123","Discipulus est prioris posterior dies."
"124","Damnare est obiurgare, cum auxilio est opus."
"125","Diu adparandum est bellum, ut vincas celerius."
"126","Dixeris maledicta cuncta, cum ingratum hominem dixeris."
"127","De inimico ne loquaris male, sed cogites."
"128","Deliberare utilia mora tutissima est."
"129","Dolor decrescit, ubi quo crescat non habet."
"130","Didicere flere feminae in mendacium."
"131","Discordia fit carior concordia."
"132","Deliberandum est saepe, statuendum est semel."
"133","Difficilem habere oportet aurem ad crimina."
"134","Dum est vita grata, mortis condicio optima est."
"135","Damnum appellandum est cum mala fama lucrum."
"136","Ducis in consilio posita est virtus militum."
"137","Dies quod donat timeas: cito raptum venit."
"138","Dimissum quod nescitur, non amittitur."
"139","Deliberando discitur sapientia."
"140","Deliberando saepe perit occasio."
"141","(Duplex fit bonitas, simul accessit celeritas.)"
"142","Damnati lingua vocem habet, vim non habet."
"143","Dolor animi multo gravior est quam corporis."
"144","Dulce etiam fugias, fieri quod amarum potest."
"145","Difficile est dolori convenire cum patientia."
"146","(Deos ridere credo, cum felix vocat.)"
"147","Etiam innocentis cogit mentiri dolor."
"148","Etiam peccanti recte praestatur fides."
"149","Etiam celeritas in desiderio mora est."
"150","Ex vitio alius sapiens emendat suum."
"151","Et deest et superat miseris cogitatio."
"152","Etiam oblivisci quid sis, interdum expedit."
"153","Ex hominum questu facta Fortuna est dea."
"154","Effigere cupiditatem regnum est vincere."
"155","'Exulanti ubi nusquam domus est, sine sepulcro est mortuus."
"156","Et qui fecerunt, oderunt iniuriam."
"157","Eripere telum, non dare irato decet."
"158","Exilium patitur, patriae qui se denegat."
"159","Etiam capillus unus habet umbram suam."
"160","Eheu quam miserum est, fieri metuendo senem."
"161","Etiam hosti est aequus, qui habet in consilio fidem."
"162","Excelsis multo facilius casus nocet."
"163","Extrema semper de ante factis iudicant."
"164","Ex lite multa gratia fit formosior."
"165","(Etiam bonum saepe obest assuescere.)"
"166","Fidem qui perdit, quo se servet relicuo?"
"167","Fortuna cum blanditur, captatum venit."
"168","Fortunam citius reperias quam retineas."
"169","Formonsa facies muta commendatio est."
"170","Frustra rogatur, qui misereri non potest."
"171","Fortuna unde aliquid fregit, cassum ... est."
"172","Fraus est accipere, quod non possis reddere."
"173","Fortuna nimium quem fovet, stultum facit."
"174","Fatetur facinus, quisquis iudicium fugit."
"175","Felix inprobitas optimorum est calamitas."
"176","Feras, non culpes quod mutari non potest."
"177","Futura pugnant, nec se superari sinunt."
"178","Furor fit laesa saepius patientia."
"179","Fidem qui perdit, nil pote ultra perdere."
"180","Facilitas nimia ad partem stultitiae rapit."
"181","Fides sicut anima, unde abiit, numquam redit."
"182","Fidem nemo umquam perdit, nisi qui non babet."
"183","Fortuna obesse nulli contenta est semel."
"184","Fulmen est, ubi cum potestate habitat iracundia."
"185","Frustra cum ad senectam ventum est, repetas adulescentiam."
"186","Falsum maledictum malivolum mendacium est."
"187","Feminae naturam regere desperare est otium."
"188","Feras facilia, ut difficilia perferas."
"189","Fortuna vitrea est: tum cum splendet frangitur."
"190","Feras quod laedit, ut quod prodest perferas."
"191","Facit gratum fortuna, quem nemo videt."
"192","Fortuna hominibus plus quam consilium valet."
"193","Frugalitas miseria est rumoris boni."
"194","Grave praeiudicium est, quod iudicium non habet."
"195","Gravissima est probi hominis iracundia."
"196","Gravis animi poena est, quem post facti paenitet."
"197","Gravis animus dubiam non habet sententiam."
"198","Gravius malum omne est, quod sub aspectu latet."
"199","Gravius nocet, quodcumque inexpertum accidit."
"200","(Gravior est inimicus, qui latet in pectore.)"
"201","Gravissimum est imperium consuetudinis."
"202","Grave crimen, etiam leviter cum est dictum, nocet."
"203","Heu quam difficilis gloriae custodia est!"
"204","Homo extra corpus est suum, cum irascitur."
"205","Heu quam est timendus, qui mori tutum putat!"
"206","Homo, qui in homine calamitoso est misericors, meminit sui."
"207","Honesta turpitudo est pro causa bona."
"208","Habet in adversis auxilia, qui in secundis commodat."
"209","Heu quam miserum est ab eo laedi, de quo non possis queri!"
"210","Hominem experiri multa paupertas iubet."
"211","Heu dolor quam miser est, qui in tormento vocem non habet!"
"212","Heu quam multa paenitenda incurrunt vivendo diu!"
"213","(Heu quam miserum est discere servire, ubi sis doctus dominari!)"
"214","Habet suum venenum blanda oratio."
"215","Homo totiens moritur, quotiens amittit suos."
"216","Homo saepe in aliud fertur, aliud cogitat."
"217","Honestus rumor alterum est patrimonium."
"218","Homo ne sit sine dolore, Fortunam invenit."
"219","Honeste servit, qui succumbit tempori."
"220","0Homo vitae commodatus, non donatus est."
"221","Heredis fletus sub persona risus est."
"222","Heredem ferre utilius est quam quaerere."
"223","Habent locum maledicti crebrae nuptiae."
"224","Honeste pareas improbo, ut pareas probo."
"225","Humanitatis optima est certatio."
"226","Honos honestum decorat, inhonestum notat."
"227","Heu conscientia animi gravis est servitus!"
"228","Hominem etiam frugi flectit saepe occasio."
"229","Homini consilium tunc deest, cum multa invenit."
"230","Inferior rescit, quidquid peccat superior."
"231","Inimicum ulcisci vitam accipere est alteram."
"232","Invitum cum retineas, exire incites."
"233","Ingenuitatem laedas, cum indignum roges."
"234","In nullo avarus bonus est, in se pessimus."
"235","Inopi beneficium bis dat, qui dat celeriter."
"236","Inopiae desunt multa, avaritiae omnia."
"237","Instructa inopia est in divitiis cupiditas."
"238","Invitat culpam, qui peccatum praeterit."
"239","Iocundum nil est, nisi quod reficit varietas."
"240","Ingenuitas non recipit contumeliam."
"241","Inritare est calamitatem, cum te felicem voces."
"242","Inpune pecces in eum, qui peccat prior."
"243","Ingratus unus omnibus miseris nocet."
"244","In miseria etiam vita contumelia est."
"245","Ita amicum habeas, posse ut facile fieri hunc inimicum putes."
"246","Invidiam ferre aut fortis aut felix potest."
"247","In amore semper mendax iracundia est."
"248","Invidia tacite, sed inimice irascitur."
"249","Iratum breviter vites, inimicum diu."
"250","Iniuriarum remedium est oblivio."
"251","Iracundiam qui vincit, hostem superat maximum."
"252","Iactum tacendo crimen facias acrius."
"253","In malis sperare bene nisi innocens nemo solet."
"254","In vindicando criminosa est celeritas."
"255","Inimicum quamvis humilem docti est metuere."
"256","In calamitoso risus etiam iniuria est."
"257","Iudex damnatur, cum nocens absolvitur."
"258","Ignoscere hominum est, ubi pudet cui ignoscitur."
"259","In rebus dubiis plurimi est audacia."
"260","Illo nocens se damnat, quo peccat die."
"261","Ita crede amico, ne sit inimico locus."
"262","Iratus etiam facinus consilium putat."
"263","Invidia loquitur quod subest, non quod videt."
"264","Inprobe Neptunum accusat, qui iterum naufragium facit."
"265","Iniuriam aures quam oculi facilius ferunt."
"266","Iacet omnis virtus, fama nisi late patet."
"267","Ignis suum calorem etiam in ferro tenet."
"268","In Venere semper certat dolor et gaudium."
"269","In amore forma plus valet quam auctoritas."
"270","Ingrata sunt beneficia, quis comes est metus."
"271","Imprudens peccat, quem post facti paenitet."
"272","Inertia indicatur, cum fugitur labor."
"273","Iratus, cum ad se rediit, sibi tum irascitur."
"274","In amore semper causa damni quaeritur."
"275","Iocunda macula est ex inimici sanguine."
"276","In Venere semper dulcis est dementia."
"277","In misero facile fit potens iniuria."
"278","Interdum habet stultitiae partem facilitas."
"279","Inertia est laboris excusatio."
"280","Iniuriam facilius facias quam feras."
"281","Iratus nil non criminis loquitur loco."
"282","Incertus animus dimidium est sapientiae."
"283","In turpi re peccare bis delinquere est."
"284","Ingenuus animus non fert vocis verbera."
"285","Iniuriam ipse facias, ubi non vindices."
"286","Is minimo eget mortalis, qui minimum cupit."
"287","Inimici ad animum nullae conveniunt preces."
"288","Inimico extincto exitium lacrimae non habent."
"289","Ibi semper est victoria, ubi concordia est."
"290","Iter est, quacumque dat prior vestigium."
"291","Ibi pote valere populus, ubi leges valent."
"292","Loco ignominiae est apud indignum dignitas."
"293","Laus nova nisi oritur, etiam vetus amittitur."
"294","Laeso doloris remedium inimici est dolor."
"295","Levis est Fortuna: cito reposcit, quod dedit."
"296","Lex universa est, quae iubet nasci et mori."
"297","Lucrum sine damno alterius fieri non potest."
"298","Lascivia et laus numquam habent concordiam."
"299","Legem nocens veretur, fortunam innocens."
"300","Libido, non iudicium est quod levitas sapit."
"301","Libido cunctos etiam sub vultu domat."
"302","Longinquum est omne, quod cupiditas flagitat."
"303","Lapsus semel fit culpa, si iterum cecideris."
"304","Lex videt iratum, iratus legem non videt."
"305","(Legem solet oblivisci iracundia.)"
"306","Locis remotis qui latet, lex est sibi."
"307","Late lucere ignis nihil ut urat, potest."
"308","Licentiam des linguae, cum verum petas."
"309","Malignos fieri maxime ingrati docent."
"310","0Multis minatur, qui uni facit iniuriam."
"311","Mora omnis odio est, sed facit sapientiam."
"312","Mala causa est, quae requirit misericordiam."
"313","Mori est felicis, antequam mortem invocet."
"314","Miserum est tacere cogi, quod cupias loqui."
"315","Miserrima est fortuna, quae inimico caret."
"316","Malus est vocandus, qui sua est causa bonus."
"317","Malus bonum ubi se simulat, tunc est pessimus."
"318","Metus enim venit, rarum habet somnus locum."
"319","Mori necesse est, sed non quotiens volueris."
"320","0Male geritur, quidquid geritur fortunae fide."
"321","Mortuo qui mittit munus, nil dat illi, sibi adimit."
"322","Minus est quam servus dominus, qui servos timet."
"323","Mage fidus heres nascitur quam scribitur."
"324","Malo in consilio feminae vincunt viros."
"325","Mala est voluptas ad alienum consuescere."
"326","Maximo periclo custoditur, quod multis placet."
"327","Mala est medicina, ubi aliquid naturae perit."
"328","Malae naturae numquam doctore indigent."
"329","Misereri scire sine periclo est vivere."
"330","0Male vivunt, qui se semper victuros putant."
"331","Maledictum interpretando facias acrius."
"332","Male secum agit aeger, medicum qui heredem facit."
"333","Minus decipitur, cui negatur celeriter."
"334","Mutat se bonitas inritata iniuria."
"335","Mulier cum sola cogitat, male cogitat."
"336","Male facere qui vult, numquam non causam invenit."
"337","Malivolus semper sua natura vescitur."
"338","Multos timere debet, quem multi timent."
"339","Male imperando summum imperium amittitur."
"340","Mulier quae multis nubit, multis non placet."
"341","Malivolus animus abditos dentes habet."
"342","Medicina calamitatis est aequanimitas."
"343","Muliebris lacrima condimentum est malitiae."
"344","Metum respicere non solet quidquid iuvat."
"345","Malo etiam parcas, si una est periturus bonus."
"346","Magnum crimen secum adfert indignatio."
"347","Malus etsi obesse non pote, tamen cogitat."
"348","Mage valet, qui nescit quod calamitas valet."
"349","Mora cogitationis diligentia est."
"350","Multa ignoscendo fit potens potentior."
"351","Multis placere quae cupit, culpam cupit."
"352","Minimum eripit fortuna, cui minimum dedit."
"353","Meretrix est instrumentum contumeliae."
"354","Malus bonum ad se nnumquam consilium refert."
"355","Manifesta causa secum habet sententiam."
"356","Multorum calamitati vir moritur bonus."
"357","Metus improbos compescit, non clementia."
"358","(Muneribus non lacrimis meretrix est misericors.)"
"359","Metuendum semper esse scias, quem tutum velis.)"
"360","Mors infanti felix, iuveni acerba, sera nimis seni."
"361","Malam rem cum velis, honestatem improbes."
"362","Malum est consilium, quod mutari non potest."
"363","Malitia unius cito fit maledictum omnium."
"364","Mortem ubi contemnas, omnes viceris metus."
"365","Misera est voluptas, ubi pericli memoria est."
"366","Male vincit is, quem paenitet victoriae."
"367","Misericors civis patriae est consolatio."
"368","Malitia ut peior veniat, se simulat bonam."
"369","Malus animus in secreto peius cogitat."
"370","Mutare quod non possis, ut natum est, feras."
"371","Multa ante temptes, quam virum invenias bonum."
"372","Miserrimum est arbitrio alterius vivere."
"373","Mansueta tutiora sunt, sed serviunt."
"374","Mala mors necessitatis contumelia est."
"375","Minus saepe pecces, si scias quod nescias."
"376","Malus quicumque in poena est, praesidium est bonis."
"377","Nil agere semper infelici est optimum."
"378","Nil peccent oculi, si animus oculis imperet."
"379","Nil proprium ducas, quidquid mutari potest."
"380","Non cito ruina opteritur, qui rimam timet."
"381","Nullus est tam tutus quaestus, quam quod habeas parcere."
"382","Nescias quid optes aut quid fugias: ita ludit dies."
"383","Numquam periclum sine periclo vincitur."
"384","Nulla tam bona est fortuna, de qua nil possis queri."
"385","Nusquam melius morimur homines, quam ubi libenter viximus."
"386","Negandi causa avaro numquam deficit."
"387","Nondum felix es, si nondum te turba deridet."
"388","Nam etsi nullos inimicos tibi faciat iniuria, multos tamen facit invidia."
"389","Non aspicias quam plenas quis deo manus, sed quam puras admoveat."
"390","Non enim aliter, nisi optimus animus, pulcherrimus dei cultus est"
"391","Non vivas aliter in solitudine, aliter in foro."
"392","Nihil petas, quod negaturus es."
"393","Nihil negabis, quod petiturus es."
"394","Nihil magnum est in rebus humanis, nisi animus magna despiciens."
"395","Nihil prodest didicisse, bene facere si cesses."
"396","Nihil interest quo animo facias quod fecisse vitiosum est."
"397","Nam facta cernuntur, animus non videtur."
"398","Non quam multis placeas, sed qualibus stude."
"399","Nequitia ipsa poena sui est."
"400","Nam mala conscientia saepe tuta est, secura numquam."
"401","Neminem cito accusaveris, neminem cito laudaveris."
"402","Nullum putaveris esse locum sine teste."
"403","Nulla pusilla domus, quae multos recipit amicos."
"404","Numquam enim scelus scelere vindicandum est."
"405","Naturam abscondit, cum improbus recte facit."
"406","Non turpis est cicatrix, quam virtus parit."
"407","Numquam ubi diu fuit ignis, defecit vapor."
"408","Necesse est maximorum minima esse initia."
"409","Non corrigit sed laedit, qui invitum regit."
"410","(Nimia concedendo interdum stultitia fit.)"
"411","Nil magis amat cupiditas, quam quod non licet."
"412","Nisi vindices delicta, improbitatem adiuves."
"413","Nulli facilius quam malo invenias parem."
"414","Nil non acerbum prius quam maturum fuit."
"415","Nocere posse et nolle laus amplissima est."
"416","Non vincitur, sed vincit qui cedit suis."
"417","Necessitas dat legem, non ipsa accipit."
"418","Nescio quid agitat, cum bonum imitatur malus."
"419","Nulla homini maior poena est quam infelicitas."
"420","Non novit virtus calamitati cedere."
"421","Necessitas ab homine quae vult impetrat."
"422","Necessitati quodlibet telum utile est."
"423","Nocere casus non solet constantiae."
"424","Non pote non sapere, qui se stultum intellegit."
"425","Necessitas egentem mendacem facit."
"426","Non facile solus serves, quod multis placet."
"427","Necessitas quod poscit, nisi des, eripit."
"428","0Nocens precatur, innocens irascitur."
"429","Nec vita nec fortuna hominibus perpes est."
"430","Non semper aurem facilem facilitas habet."
"431","Numquam non miser est, qui quod timeat cogitat."
"432","Ni qui scit facere, insidias nescit metuere."
"433","Negat sibi ipse qui quod difficile est petit."
"434","Nimium altercando veritas amittitur."
"435","Nullo in loco male audit misericordia."
"436","Necessitas quod celat, frustra quaeritur."
"437","Necessitas quam pertinax regnum tenet!"
"438","0Nemo inmature moritur qui moritur miser."
"439","Nocentem qui defendit, sibi crimen parit."
"440","Nil non aut lenit aut domat diuturnitas."
"441","Nil turpe ducas pro salutis remedio."
"442","Noli contemnere ea, quae summos sublevant."
"443","Nil aliud scit necessitas, quam vincere."
"444","Nemo timendo ad summum pervenit locum."
"445","Nisi per te sapias, frustra sapientem audias."
"446","Necessitati sapiens nihil umquam negat."
"447","Non facile de innocente crimen fingitur."
"448","0Nimium boni est in morte, cui nil sit mali."
"449","Ni gradus servetur, nulli tutus est summus locus."
"450","Nil est miserius, quam ubi pudet quod feceris."
"451","Nec morten effugere quisquam nec amorem potest."
"452","Necessitatem ferre, non flere addecet."
"453","Nusquam facilius culpa quam in turba latet."
"454","Omne peccatum actio est."
"455","Omnis autem actio voluntaria est, tam honesta quam turpis."
"456","Omne ergo peccatum voluntarium est."
"457","Omitte excusationem, nemo peccat invitus."
"458","Odia multorum sub vultu, multorum sub osculo latent."
"459","Omnia tamen pandentur, non dico si cecideris, sed si titubaveris."
"460","Omnis affectus hoc habet, ut in quod ipse insanit, ceteros furere putet."
"461","Omnes enim vitam differentes mors incerta praevenit."
"462","Omnis itaque dies velut ultimus ordinandus est."
"463","Oratorem te puta, si tibi ipsi quod oportet persuaseris."
"464","Opinantur de te homines male, sed mali: displicere enim malis laudabile est."
"465","Obiurgationi semper blanditiae aliquid admisce."
"466","Odium oportet peccandi, non metum facias."
"467","Optimum est semper ignoscere, tamquam si ipse cotidie pecces."
"468","Optimum est maiorum vestigia sequi, si recte praecesserint."
"469","Omnis doctor in vitae ratione peccans turpior est,"
"470","Ob hoc quod in officio, cuius magister esse vult, labitur."
"471","Omnis voluptas quemcumque arrisit nocet."
"472","Officium benivoli animi finem non babet."
"473","O vita misero longa, felici brevis!"
"474","Obiurgari in calamitate gravius est quam calamitas."
"475","O dulce tormentum, ubi reprimitur gaudium!"
"476","Omnes aequo animo parent, ubi digni imperant."
"477","Occidi est pulchrum, ignominiose ubi servias."
"478","O tacitum tormentum animi conscientia!"
"479","Optime positum est beneficium, ubi eius meminit qui accipit."
"480","Obsequium nuptae cito fit odium paelicis."
"481","Occasio receptus difficiles habet."
"482","O pessimum periclum, opertum quod latet!"
"483","Omnes, cum occulte peccant, peccant ocius."
"484","Occasio aegre offertur, facile amittitur."
"485","Peccandi duo sunt genera, aliud ex proposito, aliud ex neglegentia"
"486","Plerique metu peccare cessant, non innocentia."
"487","Profecto tales timidi, non innocentes dicendi."
"488","Priusquam promittas deliberes, ut cum promiseris facias."
"489","Prius si negaveris, fecisse postea fallere est."
"490","Propter causam multa amico dabis, multae causae etiam contra amicum."
"491","Pro eo religiosior eris, quo melior."
"492","Praestabis parentibus pietatem, cognatis dilectionem."
"493","Praestabis amicis fidem, omnibus aequitatem."
"494","Pacem cum hominibus habebis, bellum cum vitiis."
"495","Pecuniae imperare oportet, non servire."
"496","Pecunia si uti scias, ancilla est, si nescias, domina."
"497","Pecunia non satiat avaritiam, sed inritat."
"498","Putandus est recte fortior qui cupiditates quam qui hostes subicit."
"499","Peiora sunt tecta odia quam aperta."
"500","Propterea te loquax inimicus mionus quam taciturnus offendit."
"501","Proximum ab innocentia tenet locum verecunda peccati confessio."
"502","Plerique cum stultis maledicunt, ipsi sibi convicium faciunt."
"503","Perturpe est enim, quod obicitur in obiciente cognosci."
"504","Pulcherrimum est omnia praestare nihil exigentem."
"505","Principium discordiae est, aliquid ex communi suum facere."
"506","Plerique famam, conscientiam pauci verentur."
"507","Probus libertus sine natura est filius."
"508","Prodesse qui vult nec potest, aeque est miser."
"509","Pericla timidus etiam quae non sunt videt."
"510","Pudor doceri non potest, nasci potest."
"511","Plus est quam poena sine re miserum vivere."
"512","Pudorem alienum qui eripit, perdit suum."
"513","Patientia animi occultas divitias habet."
"514","Peiora multo cogitat mutus dolor."
"515","Pecunia una regimen est rerum omnium."
"516","Pudor dimissus numquam redit in gratiam."
"517","Perdendi finem nemo nisi egestas facit."
"518","Poena ad malum serpendo, cum properat, venit."
"519","Plus est quam poena iniuriae succumbere."
"520","Pro medicina est dolor, dolorem qui necat."
"521","Patiens et fortis se ipsum felicem facit."
"522","Prospicere in pace oportet, quod bellum iuvet."
"523","Parens iratus in se est crudelissimus."
"524","Perdit no donat, cui donat nisi est memor."
"525","Probi delicta cum neglegas, leges teras."
"526","Pars benefici est, quod petitur si belle neges."
"527","Properare in iudicando est crimen quaerere."
"528","Populi est mancipium, quisquis patriae est utilis."
"529","Per quae sis tutus, illa semper cogites."
"530","Perfugere ad inferiorem, se ipsum est tradere."
"531","Peccatum amici veluti tuum recte putes."
"532","Potens misericors publica est felicitas."
"533","Praesens est semper, absens qui se ulciscitur."
"534","Perfacile felix quod vota imperant facit."
"535","Poenam moratur improbus, non praeterit."
"536","Perdidisse honeste mallem, quam accepisse turpiter."
"537","Paucorum est intellegere, quid donet dies."
"538","Perenne coniugium animus, non corpus facit."
"539","Pereundi scire tempus assidue est mori."
"540","Potenti irasci sibi periclum est quaerere."
"541","Peccare pauci nolunt, nulli nesciunt."
"542","Paucorum improbitas universis calamitas."
"543","Pro dominis peccare etiam virtutis loco est."
"544","Patiendo multa veniunt, quae nequeas pati."
"545","Paratae lacrimae insidias, non fletum indicant."
"546","Peccatum extenuat, qui celeriter corrigit."
"547","Pudorem habere servitus quodammodo est."
"548","Pote . . . in adversis numquam felicitas."
"549","Prudentis vultus etiam sermonis loco est."
"550","Probo beneficium qui dat, ex parte accipit."
"551","Pudore quem non flectis, non frangit timor."
"552","Poena allevatur, ubi relaxatur dolor."
"553","Plures tegit fortuna, quam tutos facit."
"554","Post calamitatem memoria alia est calamitas."
"555","Pro bona fama maxima est hereditas."
"556","Pericla qui audet ante vincit, quam accipit."
"557","Perpetuo vincit, qui utitur clementia."
"558","Quidam quosdam occidit inimicos, non quia meruerant, sed quia habebat."
"559","Quam iniquum est nocuisse, quia oderis laedere."
"560","Quantum iniquius odisse, quia laeseris."
"561","Quam magnarum virium est neglegere laedentem."
"562","Qui enim vindicat, sentit."
"563","Quid sis interest, non quid habearis."
"564","Quamvis agas, ut ne quis merito tuo te oderit, erunt tamen semper qui oderint."
"565","Quam magnum est non laudari et esse laudabilem."
"566","Qui succurrere perituro potest, cum non succurrit, occidit."
"567","Quid est homini inimicissimum? alter homo."
"568","Quae sunt maximae divitiae? non desiderare divitias."
"569","Quis plurimum habet? is qui minimum cupit."
"570","Quid est dare beneficium? imitari deum."
"571","Quis est pauper? qui sibi videtur dives."
"572","Quidam inimici graves sunt amici leves."
"573","Quietissime viverent homines, si duo verba tollerentur: meum et tuum."
"574","Qui paupertatem timet, quam timidus est!"
"575","Quod tacitum esse vis, nemini dixeris,"
"576","quia non poteris ab alio exigere silentium, si tibi ipse non praestas."
"577","Qui servis crudelis est, ostendit in alios non voluntatem sibi deesse, sed potestatem."
"578","Qui ob hoc iniuriam facit, quia potest, cito desinit, quia fecit."
"579","Quid dulcius quam habere, cum quo omnia audeas;"
"580","quem sic credas, ut te; cui sic loquaris quasi tecum."
"581","Quanti tales amicos habere voluerunt, et ipsi tales esse non possunt."
"582","Quamvis non rectum, quoad iuvat, rectum putes."
"583","Quidquid nocere didicit, meminit cum potest."
"584","Qui metuit calamitatem, rare accipit."
"585","Quam miserum est mortem cupere nec posse emori!"
"586","Qui pro innocente dicit, satis est eloquens."
"587","Qui cum dolet blanditur, post tempus sapit."
"588","Quod timeas citius quam quod speres evenit."
"589","Quod vult cupiditas cogit, non quod decet."
"590","Quidquid conaris, quo pervenias cogites."
"591","0Qui bene dissimulat, citius inimico nocet."
"592","Quod semper est paratum, non semper iuvat."
"593","Quodcumque celes, ipse tibi fias timor."
"594","Qui iusiurandum servat, quovis pervenit."
"595","Quod aetas vitium posuit, aetas auferet."
"596","Quemcumque quaerit calamitas, facile invenit."
"597","Quod periit quaeri pote, reprendi non potest."
"598","Quam miserum officium est, quod successum non habet!"
"599","Quam miser est, cuius ingrata est misericordia!"
"600","Quam miserum est cogi opprimere, quem salvum velis!"
"601","0Quem fama semel oppressit, vix restituitur."
"602","Quod vi contingit, vix voluptatem parit."
"603","Quam miserum est, id quod pauci habent amittere!"
"604","Qui in vero dubitat, male agit cum deliberat."
"605","Qui timet amicum, amicus ut timeat docet."
"606","Quoi quid vindicandum est, omnis optima est occasio."
"607","Quam miserum auxilium est, ubi nocet quod sustinet!"
"608","Qui pote consilium fugere, rapere idem potest."
"609","Qui ulcisci dubitat, improbos plures facit."
"610","Qui obesse, cum potest, non vult, prodest tibi."
"611","0Quidquid bono concedas, des partem tibi."
"612","Quod nescias cui serves stultum est parcere."
"613","Quae vult videri bella nimis, nulli negat."
"614","Qui debet, limen creditoris non amat."
"615","Qui pote transferre amorem, pote deponere."
"616","Qui culpae ignoscit uni, suadet pluribus."
"617","Quidquid probis eripitur, improbis datur."
"618","Qui sibi non vivit, aliis merito est mortuus."
"619","Quidquid fit cum virtute, fit cum gloria."
"620","Qui expectat ut rogetur, officium levat."
"621","0Qui timet amicum, vim non novit nominis."
"622","Qui pote celare vitium, vitium non facit."
"623","Qui omnes insidias timet, in nullas incidit."
"624","Quam malus est, culpam qui suam alterius facit!"
"625","Qui docte servit, partem dominatus tenet."
"626","Qui se ipse laudat, cito derisorem invenit."
"627","Quam miserum est, bene quod feceris factum queri."
"628","Quam felix vita transit sine negotiis!"
"629","Quidquid futurm est summum, ab imo nascitur."
"630","Quam miserum est, ubi consilium casu vincitur!"
"631","Quidquid Fortuna exornat, cito contemnitur."
"632","Quidquid plus qmam necesse est possideas, premit."
"633","Qui pote nocere, timetur cum etiam non adest."
"634","Quem bono tenere non potueris, contineas malo."
"635","Quod senior loquitur, omnes consilium putant."
"636","Quam miserum est, ubi te captant, qui defenderint!"
"637","Quod quisque amat, laudando commendat sibi."
"638","Quem diligas, etiam queri de ipso malum est."
"639","Qui venit ut noceat, semper meditatus venit."
"640","Quis miserum sciret, verba nisi haberet dolor?"
"641","Quam miserum est, cum se renovat consumptum malum!"
"642","Quanto series peccatur, tanto incipitur turpius."
"643","Quam miser est, qui excusare sibi se non potest!"
"644","Quo caveas, cum animus aliud, verba aliud petunt?"
"645","Qui invitus servit, fit miser, servit tamen."
"646","Quod est timendum decipit, si neglegas."
"647","Quid tibi pecunia opust, si ea uti non potes?"
"648","Quod fugere credas, saepe solet occurrere"
"649","Quamvis acerbus, qui monet, nulli nocet."
"650","Repelli se homines facilius quam decipi ferunt."
"651","Respue crudelitatem et matrem crudelitatis iram."
"652","Re vera memoria beneficiorum fragilis est, iniuriarum tenax."
"653","Ridiculum est odio nocentis innocentiam perdere."
"654","Res vera est, qui a multis timetur, multos timet."
"655","Regibus peius est multo quam servientibus:"
"656","re vera, quia illi singulos, isti universos timent."
"657","Res ipsa ut praestare possimus efficiet, si polliceri properamus honesta."
"658","Rem maximam promittit tibi sapientia, ut te reducat tibi."
"659","Recta ingenia debilitat verecundia, prava confirmat audacia."
"660","Res optima est non sceleratos exstirpare, sed scelera."
"661","Recte parem et inferiorem laudas, quia pertinet ad gloriam tuam."
"662","Res magnae clementiae est, indulgendo corrigere peccata quam vindicando."
"663","Ratione, non vi vincenda adulescentia est."
"664","Rei nulli prodest mora nisi iracundiae."
"665","Reus innocens fortunam, non testem timet."
"666","Rarum esse oportet, quod diu carum velis."
"667","Rapere est accipere quod non possis reddere."
"668","Regnat, non regitur, qui nil nisi quod vult facit."
"669","Rivalitatem non amat Victoria."
"670","Ruborem amico excutere amicum est perdere."
"671","Rex esse nolim, ut esse crudelis velim."
"672","Res quanto est maior, tanto est invidiosior."
"673","Roganti melius quam imperanti pareas."
"674","Respicere nil consuevit iracundia."
"675","Rapere est, non petere, quidquid invito auferas."
"676","Remedium frustra est contra fulmen quaerere."
"677","Rogare beneficium servitus quoddammodo est."
"678","Sunt, quorum corpus innoxium est, et in mille facinorum furias mens otiosa discurrit."
"679","Si in clientelam felicis hominis potentisque perveneris, aut"
"680","veritas aut amicitia perdenda est."
"681","Si vis beatus esse, cogita hoc primum: contemne contemni."
"682","Si multis placuerit vita tua, tibi placere non poterit."
"683","Solitudinem quaerat, qui vult cum innocentibus vivere."
"684","Stultum est timere, quod vitari non potest."
"685","Semper dissensio ab alio incipiat, a te reconciliatio."
"686","Succurre paupertati amicorum, immo potius occurre."
"687","Secreto admone amicos, palam lauda."
"688","Si bene te institueris, pudeat fieri deteriorem."
"689","Si quis irascitur, ab alio poenas petit, a se exigit."
"690","Severissime enim nos adversum peccantes ingerimus, et ipsi eadem committimus."
"691","Sicut formosa pictura est, cuius nulla pars errat,"
"692","sic et formosus homo, in quo nulla peccatis foeda est."
"693","Si invitus pares, servus es; si volens, minister."
"694","0Scias eum multis virtutibus abundare, qui alienas amat."
"695","Si non invideris, maior eris: nam qui invidet, minor est."
"696","Scis, quid est invidia? dolor animi est ex alienis commodis."
"697","Scito enim et illud, quod nulli invidet vir bonitate praeditus."
"698","Sunt multi qui plurima verbis, non re contemnunt;"
"699","sed ipsa, quae spernunt, clam furantur."
"700","Semper plus iratus sese posse, quam possit, putat."
"701","Spes est salutis, ubi hominem obiurgat pudor."
"702","Suadere primum, dein corrigere benivoli est."
"703","Sapiens contra omnes arma fert, cum cogitat."
"704","Sanctissimum est meminisse, cui te debeas."
"705","Stulti timent fortunam, sapientes ferunt."
"706","Sensus, non aetas invenit sapientiam."
"707","Semper beatam se putat benignitas."
"708","Saepe ignoscendo des iniuriae locum."
"709","Solet esse in dubiis pro consilio temeritas."
"710","Semper consilium tunc deest, cum opus est maxime."
"711","Sapiens quod petitur ubi tacet, breviter negat."
"712","Semper plus metuit animus ignotum malum."
"713","Secunda in paupertate fortuna est fides."
"714","Si nil velis timere, metuas omnia."
"715","Summissum imperium non tenet vires suas."
"716","Secundus est a matre nutricis dolor."
"717","Sibi ipsi supplicium, admissi quem paenitet."
"718","Suum sequitur lumen semper innocentia."
"719","Stultum est alium velle ulcisci poena sua."
"720","Sibi primo auxilium eripere est leges tollere."
"721","Suis qui nescit parcere, inimicis favet."
"722","Sine dolore est vulnus, quod ferendum est cum victoria."
"723","Semper metuendo sapiens evitat malum."
"724","Stultum est queri de adversis, ubi culpa est tua."
"725","Solet hora, quod multi anni abstulerint, reddere."
"726","0Spina etiam grata est, ex qua spectatur rosa."
"727","Stultum est vicinum velle ulcisci incendio."
"728","Stultum facit Fortuna, quem vult perdere."
"729","Spes inopem, res avarum, mors miserum levat."
"730","Se damnat index, innocentem qui opprimit."
"731","Sibi ipsa improbitas cogit fieri iniuriam."
"732","Satis est beatus, qui potest cum vult mori."
"733","Solet sequi laus, cum viam fecit labor."
"734","Socius fit culpae, quisquis nocentem levat."
"735","Suspicio sibi ipsa rivales parit."
"736","0Semper metuendum, quidquid irasci potest."
"737","Seditio civium hostium est occasio."
"738","Salutis causa bene fit homini iniuria."
"739","Stultitia est insectari, quem omnes diligunt."
"740","Sat magna usura est pro beneficio memoria."
"741","Sero in periclis est consilium quaerere."
"742","Timidus cautum se vocat, sordidus parcum."
"743","Tutissima res est, nihil timere praeter deum."
"744","Tene semper vocis et silentii temperamentum;"
"745","tamen et in hoc incumbe, ut libentius audias quam loquaris."
"746","0Tacere qui nescit, nescit loqui."
"747","Tristitiam, si potes, ne admiseris."
"748","Turpe praebet spectaculum aeger animus."
"749","Turpia ne dixeris: paulatim enim pudor rerum per verba discutitur"
"750","Transibit sermo in effectum, si honesta loquamur."
"751","Tolerabilior est, qui mori iubet, quam qui male vivere."
"752","Tolerabilior est poena, non posse vivere quam nescire."
"753","Talem diligentiam exhibe in amicitiis conparandis, ne incipias"
"754","amare, quem deinceps possis odisse."
"755","Tu primum exhibe te bonum, et sic quaere alterum similem tui."
"756","Turpius nihil est quam cum eo bellum gerere, cum quo familiariter vixeris."
"757","Thesaurum in sepulcro ponit, qui senem heredem facit."
"758","Taciturnitas stulto homini pro sapientia est."
"759","Tam deest avaro quod habet, quam quod non habet."
"760","Vix quisquam in bonum nisi ex malo transit."
"761","Vis omnibus esse notus? prius effice, ut neminem noveris."
"762","Vis habere honorem? dabo tibi magnum imperium: impera tibi."
"763","Vide si adhuc malus es, et similibus parce."
"764","Verum si esse desisti, quare aliis locum emendationis abscidas?"
"765","Vitium fuit prius adsentatio, nunc mos est."
"766","Verum non dicimus, ne audiamus."
"767","Utilis educatio et disciplina mores facit,"
"768","unde bona consuetudo excutere debet, quod mala instruxit."
"769","Viriliter feras quae necesse est; dolor enim patientia vincitur."
"770","Verba rebus, non personis accipienda sunt."
"771","Vires tuas anmci beneficiis, inimici inittriis sentiant."
"772","Vita omnis brevis est; ideo immortalitas est mors honesta."
"773","Vir est bonus, qui in tantum perduxit animum suum,"
"774","ut non modo nolit peccare, sed etiam non possit."
"775","Ut aliquid auri extrahamus, terras pervertimus;"
"776","ut summum bonum occupemus, scrutari pectus piget."
"777","Virtutem cuius progressu videris, ne exitum eius desperes."
"778","Ubi fata peccant, hominum consilia excidunt."
"779","0Voluptas e difficili data dulcissima est."
"780","Ubi omnis vita metus est, mors est optima."
"781","Unus dies poenam adfert, multi cogitant."
"782","Ubi peccat aetas maior, male discit minor."
"783","Ubi nil timetur, quod timeatur nascitur."
"784","Ubi sis cum tuis et absis, patriam non desideres."
"785","Verum est, quod pro salute fit mendacium."
"786","Ubicumque pudor est, semper ibi sancta est fides."
"787","('Utilius veru est in sulco, quam gravis galea in proelio.)"
"788","Ubi innocens formidat, damnat iudicem."
"789","0Voluntas impudicum, non corpus facit."
"790","Virtuti melius quam fortunae creditur."
"791","Verbum omne refert, in quam partem intellegas."
"792","Virum bonum natura, non ordo facit."
"793","Ubi coepit pauper divitem imitari, perit."
"794","Veterem ferendo iniuriam invites novam."
"795","Virtutis spolia cum videt, gaudet labor."
"796","Virtutis vultus partem habet victoriae."
"797","Virtute quod non possis, blanditia auferas."
"798","Utrumque casum aspicere debet, qui imperat."
"799","0Voluptas tacita metus est mage quam gaudium."
"800","Viri boni est nescire iniuriam pati."
"801","Vultu an natura sapiens sis, multum interest."
"802","Virtuti amorem nemo honeste denegat."
"803","Zelum de deo tantum habeas, non contra homines."
"804","Zelari autem hominibus vitiosum est."
"805","SENTENTIAE TURICENSES."
"806","Cum sese vincit sapiens, minime vincitur."
"807","Contra hostem aut fortem oportet esse aut simplicem."
"808","Cito culpam effugias, si incurrisse paenitet."
"809","Consilium in adversis prudentis remedium est."
"810","Cum inimico ignoscis, amicos gratos comparas."
"811","(Contubernia illic sunt lacrimarum, quando misericors conspicit miserum.)"
"812","(Durum est denegare superiori, cum debeas supplicare.)"
"813","Dominari ex parte dinoscitur, cum superior supplicare videtur.)"
"814","(Decima hora amicos plures quam prima repperies.)"
"815","(Est utique profunda ignorantia nescire, quod pecces.)"
"816","Facile qui faciant bene invenias, cum qui fecerunt colas."
"817","(Frenos inpone linguae, saepius concupiscentiae.)"
"818","(Grave est nimis, quod fronte laeta dederis, tristi recipere.)"
"819","Humilis nec alte cadere, nec graviter potest."
"820","Lucrum est dolorem posse damno extinguere."
"821","(Mutus est, si psallat superbus: humilis dominum laudat, etiam"
"822","cum videtur habere silentium.)"
"823","(Plus amicos mensa quam mens concipit bona.)"
"824","Qui amicis multis studet, et inimicos ferat."
"825","Qui sese accusat ipse, ab alio non potest."
"826","Qui dormientem necat, absentem ulciscitur."
"827","Quod est venturum, sapiens quasi praesens cavet."
"828","Reddit, non perdit, quoi quid alienum fuit."
"829","(Regnat carnalis cupiditas, ubi non est dei caritas.)"
"830","Sua qui servat, salva esse vult communia."
"831","Satis est superare inimicum, nimium est perdere."
"832","Suspicax animus omnium damnat fidem."
"833","Suspicio probatis tacita iniuria est."
"834","Superari a superiore pars est gloriae."
"835","Supplicem hominem opprimere virtus non est, sed crudelitas."
"836","Sine lege poena est animi conscientia."
"837","Satis est disertus, e quo loquitur veritas."
"838","+Tarde si gravius vir irascitur et perbicax ulciscitur."
"839","Tuti sunt omnes, unus ubi defenditur."
"840","Ubi libertas cecidit, audet libere nemo loqui."
"841","Vita otiosa regnum est, et curae minus."
"842","(Ut plures corrigantur, rite pauci eliduntur.)"
"843","(Ut cupiditas nihil sine angustia, ita nihil cum angustia"
"844","caritas tenet.)"
"845","Virtutis omnis inpedimentum est timor."
"846","Ubi iudicat qui accusat, vis, non lex valet."
"847","Ubi emas aliena, invenias necesse est tua."
"848","SENTENTIAE FALSO INTER PUBLILIANAS RECEPTAE."
"849","Aberrare a fortuna tua non potes, obsidet te."
"850","Abominandum remedii genus salutem debere morbo."
"851","Acerrima virtus est, quam ultima necessitas excutit."
"852","Accipias praestat quam inferas iniuriam."
"853","Ad duo festinans neutrum bene peregeris."
"854","A duabus causis praestare princeps solet, si aut se vindicat aut alium."
"855","Ad excutienda tela militares lacerti valent."
"856","Ad suspicionem vulneris cito pallescit."
"857","Adulter est uxoris amator acrior."
"858","Aequo animo qui malis miscettir, est malus."
"859","Aes debitorem leve, grave inimicum facit."
"860","Affectus quidem tam mali ministri sunt quam duces."
"861","Agat princeps curam non tantum salutis, sed honestae cicatricis."
"862","Alius in aliis rebus est praestantior."
"863","Alterius damnum gaudium haud facias tuum."
"864","Amici firmamentum sapientia."
"865","Amici mores noveris, non oderis."
"866","Amicitiae coagulum unicum est fides."
"867","Amicitia pares aut accipit aut facit."
"868","Amicitia semper prodest, amor et nocet."
"869","Amico ea exhibeto, quae velis tibi."
"870","Amicos res opimae parant, adversae probant."
"871","Amicum laedere ne ioco quidem licet."
"872","Amicum perdere est damnorum maximum."
"873","Amicus eo magis deest, quod nil abest."
"874","Amor misceri cum timore non potest."
"875","An dives omnes quaerimus, nemo an bonus."
"876","Angusta capitur tutior mensa cibus."
"877","Animi motiiis eos putamus sanissimos validissimiosque, qui nostro"
"878","arbitrio, non suo feruntur."
"879","Animus hominis, quidquid sibi iuperat, obtinet."
"880","Annosus non diu vixit, diu fuit."
"881","Arbore deiecta ligna quivis colligit."
"882","Arcum intentio frangit, animum remissio."
"883","Ars non ea est, quae ad effectuni casu venit."
"884","Assidua pondus non habet severitas."
"885","Avarus animus nullo satiatur lucro."
"886","Auctor malus vel rem bonam turpem facit."
"887","Audacter veteranus cruorem expectat, qui scit se saepissime"
"888","vicisse post sanguinem."
"889","Audendo virtus crescit, tardando timor."
"890","Audire malis quam loqui libentius."
"891","Auferri et illud, quod dari potuit, potest."
"892","Avidissimus quisque est egestosissimus."
"893","A(vi)gilia sunt membra cursoribus."
"894","Auloedus fiat, qui esse citharoedus nequit."
"895","Auro suadente nil potest oratio."
"896","Aut necesse est ipsum te vilem habeas aut pecuniam."
"897","Bello gladius, voluptas pace vulnerat."
"898","Benefactis proxime ad deos accedimus."
"899","Beneficii numquam, cito dati obliviscere."
"900","Beneficium celeritas gratius facit."
"901","Beneficium egenti bis dat, qui dat celeriter."
"902","Beneficium est carere eo, invitus quod possideas."
"903","Beneficium est semper reddere bonitatis verba."
"904","Boni mores sibi semper placentes permanent."
"905","Bonis nocet, quisquis pepercerit malis."
"906","Bono iustitiae proxima est severitas."
"907","Bonorum ultro ad convivia accedunt boni."
"908","Bonum est duabus ancoris niti ratem."
"909","Bonus animus in mala re dimidium est mali."
"910","Bonus esse non potest aliis malus sibi."
"911","Bonus iudex damnat improbanda, non odit."
"912","Bonus iudex est, qui novit dispensare quod dandum est et quatenus."
"913","Calamitas virtutis occasio est."
"914","Camelus cupiens cornua aures perdidit."
"915","Caput sine lingua sententia pedaria est."
"916","Castiga amicum clanculum, lauda palam."
"917","Casus quem saepe transit, aliquando invenit."
"918","Cave illum semper, qui tibi imposuit semel."
"919","Cito accusaris aut laudaris neminem."
"920","Civilis belli oblivio defensio est."
"921","Clementia est lenitis superioris adversus inferiorem."
"922","Clementia est temperantia animi in potestate ulciscendi."
"923","Clementia in quamcumque domum venerit, felicem eam tranquillamque praestabit."
"924","Cogit rogando, cum rogat, potentior."
"925","Commune naufragium omnibus solacio est."
"926","Conscientiae potius quam famae attenderis."
"927","Considera quid dicas, non quid cogites."
"928","Consuetudo peccandi multitudinem facit peccantium."
"929","Consuli quidem omnia debent, verum non ab omnibus."
"930","Contemptum periculorum assiduitas periclitandi facit."
"931","Conterunt plebeia celsum saepe dicta verticem."
"932","Coram uno aliquid turpe dictum ridemus et coram pluribus indignamur."
"933","Crebro si iacias, aliud alias ieceris."
"934","Cui convenit cum paupertate, dives est."
"935","Cuivis artifici in arte credendum est sua."
"936","Cum de unius moribus iudicabis, de publicis cogita."
"937","Cum hominibus pacem, bella cum vitiis habe."
"938","Cum pare contendere indecens, cum superiore furiosum, cum"
"939","inferiore sordidum."
"940","Cupiditati tarda est ipsa celeritas."
"941","Damnum nisi ex abundantia raro venit."
"942","Datur meritis maiorum nulla gloria."
"943","Deformis simiarum erit pulcherrima."
"944","Demens est quisquis praestat errori fidem."
"945","Deo favente naviges vel vimine."
"946","Desiderium melius vitam custodivlerit quam timor."
"947","Dies quandoque noverca, quandoque est parens."
"948","Difficile reciduntur vitia, quae nobiscum creverint."
"949","Difficilius est moderari, ubi dolori debetur ultio, quam ubi exemplo."
"950","Discute quod audias omne, quod credas proba."
"951","Dissensio ab alio, a te sit reconciliatio."
"952","Dissolutus est deliciis cuius latus alieno labore condoluit."
"953","Domi manere virum fortunatum decet."
"954","Domum qui aedificat, impolitam ne sinat."
"955","Dulcis malorum praeteritorum memoria."
"956","Eget minus mortalis, quo minus cupit."
"957","Eleemosyna non tam accipientibus quam dantibus prodest."
"958","Eodem animo beneficium debetur, quo datur."
"959","Errat si quis existimat tutum diu esse regem."
"960","Esse iudicat meliorem lingua quem carpit mala."
"961","0Est finis irae initium paenitentiae."
"962","Est homini semper diligenti aliquid super."
"963","Est regium male audire et bene facere."
"964","Est socia mortis homini vita ingloria."
"965","Est turba semper argumentum pessimi."
"966","Etiam gerunt cum timidis bellum somnia."
"967","Etiam sanato vulnere cicatrix manet."
"968","Etiam tyrannus vix precario imperat."
"969","Et miseriarum portus est patientia."
"970","Et non pollicitam vir bonus servat fidem."
"971","0Evadere possunt pusilla mala et verba dare, ingentibus obviam itur."
"972","Excusationem quaerere vitium est: omnia ad deum relinque."
"973","Exeritur opere neqititia, non incipit."
"974","Expedit cum amico occidi, quam cum inimico vivere."
"975","Expetit poenas iratus ab alio, a se ipso exigit."
"976","Ex saeva animadversione nulla regi gloria est."
"977","Ex spe praemii solacium fit laboris."
"978","Facilius crescit, quam inchoatur dignitas."
"979","Facilius est perniciosa excludere quam regere."
"980","Facilius privatis ignoscitur pertinaciter se vindicantibus."
"981","Famam curant multi, pauci conscientiam."
"982","Felicitas infelici innocentia est."
"983","Felicitas nutrix est iracundiae."
"984","Felix criminibus nullus umquam erit diu."
"985","Felix est non qui videtur esse aliis, sed qui sibi."
"986","Felix videtur qui mala ignorat sua."
"987","Ferme fugiendo in media fata incurritur."
"988","Ficta cito ad naturam redierint suam."
"989","Fortunae invidia est, si quis immerito miser."
"990","Fortuna ius in homines, mores non habet."
"991","Fortuna magna domino est servitus."
"992","Fortunam cuique mores confingunt sui."
"993","Fortuna multis dat nimis, nulli satis."
"994","Fortuna nos vincit, nisi tota vincitur."
"995","Fortuna quo se, eodem et inclinat favor."
"996","Fortuna usu dat multa, mancipio nihil."
"997","Frequens vindicta paucorum odium reprimit, omnium irritat."
"998","Geminat peccatum, quem delicti non pudet."
"999","Gemitus dolores indicat, non vindicat."
"1000","Gladiator in arena consilium capit."
"1001","Gloriosum est iram amici amicitiae dare."
"1002","Gradus a magnis fit ad maiora saepius."
"1003","Graviora quaedam sunt remedia periculis."
"1004","Gravius irascitur, qui quod dolet deo commendat."
"1005","Haec clementia principem decet, ut, quocumque venerit,"
"1006","mansuetiora omnia faciat."
"1007","Haud minus turpia sunt principi multa supplicia, quam"
"1008","medico multa funera."
"1009","Hoc magis premere ab ira, quo iram presseris minus."
"1010","Homo tacere qui nescit, nescit loqui."
"1011","Honesta fama melior pecunia est."
"1012","Honesta lex est temporis necessitas."
"1013","Honestius est cum iudicaveris amare, quam cum amaveris iudicare."
"1014","Humilis et inertis est tuta sectari."
"1015","Id agas, ne quis tuo te merito oderit."
"1016","Ignavus omni cessat omnis tempore."
"1017","Ignis probat aurum, miseriae fortem probant."
"1018","Ignoscas aliis multa, sed nihil tibi. Ignoscito saepe"
"1019","alteri, numquam tibi."
"1020","Imago animi sermo est: qualis est vir, talis oratio."
"1021","Imperium habere vis magnum? impera tibi."
"1022","Imbecillos oculos esse, qui ad alienam lippitudinem suffunduntur."
"1023","In felice felicitas est innocentia, nequitia ipsa poena sui est."
"1024","In felicitate se erigere est felicitatem submittere."
"1025","Infirmi animi est non posse divitias pati."
"1026","Inhonesta res est suos vincere: satis est potuisse puniri."
"1027","In nil sapiendo vita iucundissima est."
"1028","Insanus omnis furere credit ceteros."
"1029","Insita nobis nostri caritas est corporis."
"1030","In sterculino plurimum gallus potest."
"1031","Intellige ecquae sint, ut et bene agas bona."
"1032","Inter amicos iudicatur quam inimicos molestius."
"1033","In tranquillo esse quisque gubernator potest."
"1034","Iram qui vincit, hostem superat maximum."
"1035","Iratus cum ad se rediit, sibi tum irascitur."
"1036","Iusiurandum alieni infido emplastrum aeris est."
"1037","Ius omnem supra iniuriam positum scias."
"1038","Labor imperantis militum securitas."
"1039","Lassa crudelitas non est vocanda clementia."
"1040","Lepores duo qui insequitur, is neutrum capit."
"1041","Lingua est maliloquax mentis indicium malae."
"1042","Mage cavenda amicorum invidia, quam insidiae hostium."
"1043","Magister infidelis est recti metus."
"1044","Magnam fortunam magnus animus decet."
"1045","Magni animi est proprium esse tranquillum, iniurias atque"
"1046","offensiones semper despicere."
"1047","Male habebit medicus, nemo si male habuerit."
"1048","Male vivet quisquis nesciet mori bene."
"1049","Malis displicere laudari est."
"1050","Malo veris offendere quam placere adulando."
"1051","Malum alienum tuum ne feceris gaudium."
"1052","Malum consilium consultori pessimum est."
"1053","Maritimus cum sis, fieri terrestris cave."
"1054","Maximum remedium irae mora est."
"1055","Mens incorrupta miseria corrumpitur."
"1056","Minime amicus sum, fortunae particeps nisi sim meae."
"1057","Minimum vivit, qui nil quam vitam cogitat."
"1058","Misera est aegritudo animi ob alienarum species miseriarum."
"1059","Miser dici bonus vir, esse non potest."
"1060","Misericordia est vicina miseriae: habet enim aliquid"
"1061","trahitque ex ea."
"1062","Misericordia non causam, sed fortunam spectat."
"1063","Miserum te iudico, quod numquam fueris miser."
"1064","Modica voluptas laxat animos et temperat."
"1065","Monstro similis est avaritia unica."
"1066","Morbum esse scias non hilaritatem, semper arridere arridentibus"
"1067","et ad omnium aestimationem ipsum quoque os diducere."
"1068","Mortalis nemo est, quem non attingat dolor."
"1069","Mortem timere crudelius est quam mori."
"1070","Muliebre est furere in ira."
"1071","Multi dum falli putant, fallere docent."
"1072","Natura vincit naturam et dii deos."
"1073","Nae virtutibus multis abundat, qui alienas amat."
"1074","Necesse est multos timeat, quem multi timent."
"1075","Necessitatis est remedium parcitas."
"1076","Negata est magnis sceleribus semper fides."
"1077","0Nemo ita pauper vivit quam natus est."
"1078","Nemo potest personam diu ferre fictam: ficta cito in naturam suam recidunt."
"1079","Nemo prudens punit quia peceatum est, sed ne peccetur."
"1080","Nemo regere potest nisi et qui regi."
"1081","Nemo, qui coepit ex se, risum praebuit."
"1082","Nequitia poena maxima ipsamet sui est."
"1083","Nescit is nocere, qui nocere velle prodidit."
"1084","Nil eripit fortuna, nisi quod et dedit."
"1085","Nil posse quemquam mortuum hoc est vivere."
"1086","Nil prodest didicisse, si cessas bene facere."
"1087","Nil rationis est, ubi res semel in affectum venit."
"1088","Nil turpius quam vivere incipiens senex."
"1089","Nimium tendendo rumpi funiculus solet."
"1090","Nobilis professio sapientia est: quae distributa suscipit"
"1091","incrementum, avarum dedignata possessorem."
"1092","Nocens quis illico fit, succumbit ut fides."
"1093","Non alia facies est quieti moderatique imperii, quam sereni"
"1094","caeli et nitentis."
"1095","Non animus hominis, sed facta cernuntur."
"1096","Nondum felix es, si nondum turba te deriserit."
"1097","Non egere felicitate felicitas est."
"1098","Non est beatus, ipse qui se nesciat."
"1099","Non est bonitas esse meliorem pessimo."
"1100","Non est hominis maior stultitia quam putare se amari ab his,"
"1101","quos ipse non diligat."
"1102","Non est pusillum, si quid maximo est minus."
"1103","Non est tuum, fortuna quod fecit tuum."
"1104","Non fert ullum ictum illaesa felicitas."
"1105","Non minus latro, cuius telum opposita veste elusum est."
"1106","Non multum supra eum eminet quis, cui se irascendo exaequat."
"1107","Non omni eundem calceum induces pedi."
"1108","Non quam diu, sed quam bene vivas, cogita."
"1109","Non qui iussus aliquod, sed qui invitus facit, miser est."
"1110","Non vindicandum scelere, si possis, scelus."
"1111","Nulla res magis alit iracundiam, quam luxuria."
"1112","Nulla tam bona uxor, de qua non invenias quid queri."
"1113","Nulli imponas, quod ipse non possis pati."
"1114","Nullum ex omnibus clementia magis quam regem aut praelatum decet."
"1115","Nullum laborem recusant manus ab aratro ad arma translatae."
"1116","Nullum morosius est animal maioreque arte tractandum quam homo:"
"1117","et nulli magis parcendum quam homini."
"1118","Nullum sine auctoramento est magnum malum."
"1119","Nullus sapientum proditori credidit."
"1120","Numquam liquidum sincerumque ex turbido venit."
"1121","Numquam quam multis, sed qualibus placeas, stude."
"1122","Numquam satis est, quod improbae spei datur."
"1123","Numquam secura est prava conscientia."
"1124","Numquam virtutis molle documentum est."
"1125","Occasiones non modo accipe, arripe."
"1126","Odi praecoci puerulos sapientia."
"1127","Odi sapientem, qui sibi ipsi non sapit."
"1128","Omnes vitam differentes mors incerta praevenit."
"1129","Omne vitium habet patrocinium suum."
"1130","Omnia cum inimico communia habebit, qui multa cum homine."
"1131","Omnia subicit, qui se subicit rationi."
"1132","Omni rei moderatio est adbibenda."
"1133","Omnis dies velut ultimus putandus est."
"1134","Omnis qui amicus est amat, sed non omnis qui amat amicus est."
"1135","Omnium est communis amicus, qui hostis est suorum."
"1136","Oriente sole consilium, occidente convivium."
"1137","Pacem cum hominibus habebis, bellum cum vitiis."
"1138","Parcendum est improbandis civibus, non aliter quam membris languentibus."
"1139","Parere scire par imperio gloria est."
"1140","Parvo fames constat, magno fastidium."
"1141","Pati necesse est multa mortalem mala."
"1142","Patria est, ubicumque bene vixeris."
"1143","Peccandi verecundiam facit ipsa clementia regentis."
"1144","Peccare nolle triumphus innocentiae est."
"1145","Peccat voluntas, etsi nullum crimen est."
"1146","Pecuniae imperare, non servire convenit."
"1147","Pecunia non satiat avarum, sed irritat."
"1148","Perdenda sunt rnulta, ut semel ponas bene."
"1149","Perit voluptas, virtus immortalis est."
"1150","Pestifera vis valere ad nocendum."
"1151","Pipere qui abundat, oleribus miscet piper."
"1152","Plerosque hominuni in domibus saevissimos, in alienis humillimos servos."
"1153","Plerumque similem ducit ad similem deus."
"1154","Plurimi quot servos, totidem hostes habent."
"1155","Plurimum qui sis, non qui habearis, interest."
"1156","Pluris docentis vita quam sententia."
"1157","Potest quid esse honestum, quod non liberum?"
"1158","Praeter causam multum amico dabitur, multum etiam contra amicum scias."
"1159","Principum saevitia bellum est."
"1160","Privata studia publicum evertunt bonum."
"1161","Probare amicos difficile est re prospera."
"1162","Prope est ut libenter damnet, qui cito."
"1163","Prope est ut non aeque damnet, qui nimis."
"1164","Pupillus est avarus aetatis brevis."
"1165","Puras deus, non plenas aspicit manus."
"1166","Quae defloruerit, ne iterum quaeratur rosa."
"1167","Quae est ars parandae amicitiae? Si vis amari, ama."
"1168","Quaerendus cuneus est malus trunco malo."
"1169","Quam magnum est non laudari et esse laudabilem!"
"1170","Quam saepe veniam, qui negaverat, petit!"
"1171","0Qui alii maledicit, sibi convicium facit."
"1172","Quid eo infelicius, cui iam malo esse necesse est?"
"1173","Quid est beneficium dare? imitari deum."
"1174","Quid potest ab eo quisquam sperare, quem malum esse docuit?"
"1175","Quidquid aequo plus futurum est, in partem humaniorem inclina vel praepondera."
"1176","Quid quisque possit, nisi tentato nesciit."
"1177","Quid refert quantum habeas? multo illud plus est, quod non habes."
"1178","Qui propter pecuniae vel libidinis amorem moritur, ostendit se"
"1179","numquam sui causa vixisse."
"1180","Quod diu tractaris, id puta rectissimum."
"1181","Quod esse tacitum vis, id nulli dixeris."
"1182","0Quod facere turpe est, dicere ne honestum puta."
"1183","Quod nescias damnare summa est temeritas."
"1184","Quod vult habet, qui velle quod satis est, potest."
"1185","Quum tempus revocat, illa praecox est fuga."
"1186","Refert bonorum exemplis puniri improbos."
"1187","Refert quam quis bene vivat; quam diu non refert."
"1188","Rege incolumi mens omnibus una est; amisso rupere fidem."
"1189","Regibus certior est ex mansuetudine securitas."
"1190","Regum fortuna casus praecipites rotat."
"1191","Repente dives nemo factus est bonus."
"1192","0Res inquieta est in se ipsam felicitas."
"1193","Revertere unde veneris nihil grave est."
"1194","Ridiculum est odio nocentis perdere innocentiam."
"1195","Saepe dissimulare quam ulcisci satius fuit."
"1196","Saepe fortuna innocentem, numquam spes bona deserit."
"1197","Saepe oculi et aures vulgi testes sunt mali."
"1198","Saepius locutum, numquam me tacuisse paenitet."
"1199","Salis absumendus modius, priusquam habeas fidem."
"1200","Sapiens etsi contentus est se, tamen amicum vult habere et q. s."
"1201","Sapiens nihil facit, quod non debet, et nihil praetermittit, quod debet."
"1202","Securus obit, qui vitia sua ante immolat."
"1203","Semper redundat ipse in auctores timor."
"1204","Servis imperare moderate laus est."
"1205","Severitas assidua amittit auctoritatem."
"1206","Severitatem abditam, clementiam in procinctu habe."
"1207","Sic prodesto amico, ne tibi noceas; sic age alienum, ut"
"1208","tuum non obliviscaris negotium."
"1209","Sine teste nullum esse putaveris locum."
"1210","Si quis ab alio iratus poenas expetit, a se exigit."
"1211","Si vis amari, ama."
"1212","Solacium grande est cum universo una rapi."
"1213","Sordidius multo vivimus quam nascimur."
"1214","Spiritum, quem unus tibi dedit, licet minentur multi, non perdes,"
"1215","nisi unus abstulerit."
"1216","Stultum est, qui multitudinem in loco timet, per quem nisi unus"
"1217","potest transire."
"1218","Stultum est timere, quod vitari non potest."
"1219","Stultum imperare reliquis, qui nescit sibi."
"1220","Suavissima haec est vita, si sapias nihil. Nam sapere nil"
"1221","doloris expers est malum."
"1222","Subiecta semper invidiae felicitas."
"1223","Subinde bos alientis prospectat foras."
"1224","Suspecta somper ornamenta ementibus."
"1225","Tacere pro se praestat, quam contra loqui."
"1226","Tamdiu a periculo aberit populus, quamdiu sciet ferre frenos."
"1227","Tamdiu discendum est homini, quamdiu nesciat."
"1228","Tam omnibus quam nulli ignoscere est crudelitas."
"1229","Tanti homo est sine amico, quanti corpus absque spiritu est."
"1230","Telum fides maioribus nostris maximum."
"1231","Timidus vocat se cautum, parcum sordidus."
"1232","Torquere corpus extra naturam est suum."
"1233","Turpis inopia est, quae nascitur de gloria."
"1234","Tuta est iactura, quae fit neglegentia."
"1235","Tuta saepe, numquam secura mala conscientia est."
"1236","Tutissima res est timere nil praeter deum."
"1237","Tyrannus a rege distat factis, non nomine."
"1238","Ubi discrimen inter bonos malosque sublatum est, confusio"
"1239","sequitur et vitiorum eruptio."
"1240","Ubi maxime gaudebis, metues maxime."
"1241","Ubi tranquilla tibi omnia videntur, tibi ibi nocitura non desunt"
"1242","Ubi usitata remedia non procedunt, tenta contraria."
"1243","Velle bonum fieri magna pars est bonitatis."
"1244","Velox consilium sequitur paenitentia."
"1245","Vel strangulari pulchro de ligno iuvat."
"1246","Venia est poenae debitae remissio."
"1247","Vile nil decet sonare in maximorum laudibus."
"1248","Veri boni est pati, non facere iniuriam."
"1249","Virtus, quam necessitas excutit, acerrima est."
"1250","Virtute abundat multa, qui alienam amat."
"1251","Vis notus omnibus esse? nullum noveris."
"1252","Vitium fuit, nunc mos est adsentatio."
"1253","Ulcera animi magis quam corporis sananda sunt."
"1254","Volunt homines ita praeceptum esse ut vivunt, non ita vivere ut praeceptum est."
"1255","Utendum est divitiis , non abutendum."
"1256","Ut fulmina paucorum periculo cadant, omnium metu, sic"
"1257","animadversiones magnarum potestatum terrent latius quam nocent."
"1258","Utinam ea lex homini esset, ut ira cum telo suo frangeretur,"
"1259","nec saepius liceret nocere quam semel."
"1260","Utrumque vitium est nulli credere et omnibus."
